age,gender,weight,height,max_bpm,avg_bpm,resting_bpm,session_duration,calories_burned,workout_type,fat_percentage,water_intake,workout_frequency,experience_level,bmi
34.0,Female,86.7,1.86,174.0,152.0,74.0,1.12,712.0,strength,12.8,2.4,5.0,2.0,25.060700659035724
26.0,Female,84.7,1.83,166.0,156.0,73.0,1.0,833.0,strength,27.9,2.8,5.0,2.0,25.291886888231954
22.0,Male,64.8,1.85,187.0,166.0,64.0,1.24,1678.0,cardio,28.7,1.9,3.0,2.0,18.93352812271731
54.0,Female,75.3,1.82,187.0,169.0,58.0,1.45,628.0,cardio,31.8,2.4,4.0,1.0,22.732761743750753
34.0,Female,52.8,1.74,177.0,169.0,66.0,1.6,1286.0,strength,26.4,3.2,4.0,2.0,17.43955608402695
38.0,Female,53.0,1.58,161.0,128.0,74.0,1.62,953.0,hiit,23.4,2.5,2.0,2.0,21.230572023714146
44.0,Female,46.5,1.81,191.0,142.0,74.0,1.46,1238.0,cardio,11.9,3.7,2.0,2.0,14.193705930832392
50.0,Female,88.5,1.63,181.0,136.0,63.0,1.63,829.0,strength,11.6,1.8,4.0,2.0,33.309496029206976
34.0,Female,65.9,1.74,195.0,169.0,73.0,2.0,1231.0,yoga,30.5,3.2,5.0,2.0,21.766415642753337
39.0,Female,47.0,1.78,181.0,155.0,55.0,1.89,747.0,yoga,31.7,2.3,3.0,3.0,14.833985607877793
19.0,Male,87.7,1.98,186.0,145.0,50.0,1.61,1705.0,strength,14.1,2.3,3.0,2.0,22.37016630956025
56.0,Female,107.4,1.73,176.0,141.0,71.0,0.65,1564.0,hiit,26.0,3.0,2.0,3.0,35.88492766213372
19.0,Female,71.7,1.91,197.0,148.0,74.0,1.15,464.0,cardio,32.5,2.7,4.0,2.0,19.654066500370057
30.0,Female,90.6,1.6,161.0,125.0,52.0,1.03,1410.0,yoga,16.0,3.5,4.0,2.0,35.39062499999999
23.0,Male,56.2,1.76,195.0,141.0,55.0,1.45,1195.0,hiit,23.9,3.2,4.0,1.0,18.143078512396695
39.0,Female,71.3,1.77,171.0,124.0,74.0,0.69,871.0,cardio,21.9,2.1,5.0,1.0,22.758466596444187
54.0,Female,47.7,1.56,181.0,128.0,74.0,1.5,853.0,yoga,26.5,1.5,3.0,1.0,19.600591715976332
25.0,Male,57.2,1.82,184.0,140.0,74.0,1.15,888.0,strength,26.9,2.6,4.0,2.0,17.26844583987441
59.0,Male,71.8,1.5,165.0,152.0,74.0,1.94,758.0,yoga,28.9,3.3,3.0,1.0,31.91111111111111
25.0,Female,64.3,1.65,183.0,169.0,67.0,1.28,1783.0,cardio,20.0,3.2,2.0,3.0,23.61799816345271
32.0,Male,72.4,1.74,189.0,127.0,60.0,1.4,1090.0,yoga,16.9,1.6,2.0,1.0,23.913330690976352
28.0,Male,62.4,1.56,193.0,141.0,55.0,2.0,861.0,cardio,32.2,3.6,3.0,1.0,25.64102564102564
27.0,Female,78.6,1.65,198.0,127.0,66.0,1.61,938.0,yoga,26.8,3.1,3.0,1.0,28.870523415977964
44.0,Female,45.0,1.53,199.0,158.0,50.0,0.7,930.0,strength,21.9,3.6,4.0,1.0,19.223375624759708
51.0,Male,79.2,1.85,178.0,147.0,51.0,1.52,1355.0,strength,23.2,2.0,4.0,1.0,23.140978816654492
35.0,Male,75.7,1.61,192.0,147.0,52.0,0.92,1211.0,strength,21.2,2.4,3.0,2.0,29.204120211411595
21.0,Male,76.8,1.75,166.0,125.0,74.0,1.56,1152.0,strength,25.1,2.7,3.0,1.0,25.077551020408162
48.0,Female,112.6,1.69,160.0,162.0,63.0,0.89,1482.0,cardio,22.6,2.5,4.0,2.0,39.424389902314346
28.0,Male,68.0,1.7,174.0,155.0,68.0,0.74,1464.0,yoga,17.0,2.3,3.0,2.0,23.529411764705884
42.0,Female,95.5,1.95,168.0,125.0,72.0,1.91,632.0,hiit,26.1,2.0,4.0,1.0,25.115055884286654
27.0,Female,58.7,1.98,199.0,145.0,52.0,2.0,1119.0,cardio,23.0,2.7,2.0,3.0,14.972961942658914
24.0,Female,86.5,1.65,196.0,169.0,59.0,1.08,771.0,cardio,27.3,2.1,3.0,1.0,31.772268135904504
44.0,Female,63.6,1.78,167.0,129.0,74.0,1.34,1165.0,yoga,10.7,3.4,4.0,1.0,20.073223077894205
49.0,Female,56.6,1.75,198.0,120.0,72.0,1.12,1767.0,yoga,23.6,2.6,2.0,2.0,18.481632653061226
23.0,Female,67.7,1.73,188.0,162.0,54.0,1.76,954.0,yoga,18.0,3.2,3.0,1.0,22.6202011427044
22.0,Female,99.1,1.72,182.0,169.0,62.0,1.14,1105.0,yoga,31.4,3.6,4.0,1.0,33.497836668469446
20.0,Female,72.9,1.63,164.0,156.0,51.0,1.11,582.0,strength,27.1,3.2,3.0,2.0,27.43799164439761
33.0,Female,58.3,1.77,167.0,153.0,74.0,1.41,969.0,strength,29.5,2.6,2.0,1.0,18.608956557821823
59.0,Male,45.8,1.5,163.0,137.0,55.0,1.98,1306.0,cardio,24.0,2.9,4.0,2.0,20.355555555555554
27.0,Male,52.3,1.75,180.0,128.0,61.0,1.92,931.0,strength,15.0,2.5,4.0,2.0,17.077551020408162
33.0,Female,76.3,1.95,188.0,125.0,72.0,0.95,899.0,strength,21.7,2.3,5.0,1.0,20.065746219592373
47.0,Male,77.5,1.72,176.0,151.0,56.0,1.39,679.0,cardio,13.3,3.5,2.0,3.0,26.196592752839376
27.0,Male,96.3,1.61,198.0,159.0,70.0,1.16,1203.0,cardio,32.1,3.1,3.0,1.0,37.15134446973496
55.0,Female,68.4,1.85,175.0,150.0,58.0,1.16,1020.0,cardio,29.2,2.5,4.0,2.0,19.985390796201607
24.0,Male,47.6,1.51,175.0,120.0,70.0,0.78,583.0,strength,22.6,1.7,5.0,1.0,20.876277356256306
26.0,Female,88.8,1.7,193.0,169.0,68.0,1.91,1145.0,strength,18.1,3.7,2.0,2.0,30.72664359861592
29.0,Male,96.7,1.7,175.0,141.0,54.0,2.0,880.0,yoga,32.9,2.3,2.0,3.0,33.46020761245675
43.0,Male,112.0,1.71,166.0,146.0,58.0,1.62,815.0,hiit,31.2,2.6,3.0,1.0,38.30238363941042
29.0,Female,72.0,1.66,167.0,144.0,68.0,0.87,1248.0,hiit,10.0,3.6,4.0,3.0,26.1286108288576
22.0,Female,75.7,1.56,194.0,142.0,61.0,1.23,643.0,strength,28.8,2.3,3.0,3.0,31.10618014464168
39.0,Female,41.3,1.76,175.0,136.0,69.0,1.42,1096.0,yoga,24.3,3.2,3.0,2.0,13.332902892561982
41.0,Female,63.7,1.93,195.0,155.0,61.0,1.18,1064.0,hiit,21.2,3.4,4.0,1.0,17.101130231684074
20.0,Male,45.0,1.68,171.0,154.0,74.0,1.5,1692.0,yoga,10.0,2.4,4.0,1.0,15.94387755102041
26.0,Male,47.1,1.61,189.0,138.0,52.0,1.26,1095.0,yoga,19.3,3.6,3.0,3.0,18.170595270244203
37.0,Female,72.1,1.83,164.0,152.0,58.0,1.58,1091.0,cardio,34.4,3.3,4.0,2.0,21.529457433784223
59.0,Male,57.5,1.81,175.0,169.0,58.0,1.47,1349.0,cardio,24.7,2.5,5.0,2.0,17.551356796190593
22.0,Male,54.3,1.85,165.0,144.0,53.0,2.0,1740.0,cardio,26.6,3.7,4.0,2.0,15.865595325054782
25.0,Male,63.9,1.67,178.0,144.0,61.0,1.56,868.0,strength,24.8,2.4,3.0,2.0,22.912259313707914
32.0,Male,56.6,2.0,190.0,123.0,65.0,1.25,1309.0,hiit,14.7,3.5,4.0,3.0,14.15
29.0,Female,95.3,1.72,190.0,169.0,74.0,1.49,733.0,hiit,29.2,3.7,5.0,3.0,32.213358572201194
30.0,Female,96.3,2.0,173.0,136.0,74.0,2.0,1095.0,hiit,20.4,1.5,5.0,2.0,24.075
28.0,Male,84.4,1.74,182.0,142.0,52.0,1.45,1392.0,strength,22.0,2.6,2.0,1.0,27.876866164618843
33.0,Male,60.5,1.54,195.0,126.0,56.0,1.27,1237.0,cardio,29.1,3.7,4.0,2.0,25.510204081632654
49.0,Male,45.0,1.84,190.0,159.0,53.0,1.3,864.0,hiit,26.5,1.5,4.0,2.0,13.291587901701323
53.0,Male,87.7,1.84,164.0,152.0,53.0,1.37,1066.0,cardio,24.7,2.6,5.0,2.0,25.90382797731569
54.0,Female,46.1,1.85,187.0,162.0,63.0,1.35,772.0,strength,25.7,3.6,4.0,1.0,13.469685902118334
22.0,Female,53.3,1.73,172.0,144.0,71.0,1.1,1235.0,strength,22.8,2.6,3.0,1.0,17.8088141935915
20.0,Male,95.7,1.85,196.0,136.0,58.0,1.44,987.0,hiit,23.8,1.5,3.0,2.0,27.962016070124175
47.0,Male,87.3,1.9,194.0,164.0,74.0,1.87,1073.0,hiit,23.7,3.5,5.0,2.0,24.182825484764543
27.0,Male,72.8,1.82,162.0,136.0,57.0,1.23,780.0,hiit,11.4,3.5,4.0,3.0,21.978021978021975
38.0,Male,50.0,1.75,186.0,135.0,59.0,2.0,695.0,strength,23.4,1.6,4.0,1.0,16.3265306122449
29.0,Female,93.5,1.85,166.0,167.0,74.0,1.01,670.0,cardio,23.2,2.6,3.0,1.0,27.319211102994885
54.0,Male,84.0,1.94,178.0,133.0,53.0,1.47,942.0,yoga,30.7,1.5,4.0,1.0,22.31905622276544
37.0,Female,55.3,1.73,183.0,134.0,51.0,1.1,976.0,yoga,31.3,2.8,2.0,2.0,18.47706238096829
21.0,Male,66.6,1.85,189.0,121.0,56.0,0.88,993.0,hiit,13.9,3.4,5.0,1.0,19.459459459459456
26.0,Female,59.8,1.6,180.0,151.0,58.0,1.2,611.0,hiit,16.4,2.5,3.0,3.0,23.359374999999993
42.0,Female,80.3,1.94,192.0,169.0,52.0,1.72,753.0,yoga,24.6,3.5,5.0,2.0,21.335954936762676
54.0,Male,60.1,1.63,174.0,159.0,72.0,0.52,893.0,cardio,18.4,3.6,4.0,1.0,22.620347020964285
37.0,Male,46.3,1.69,181.0,141.0,67.0,1.64,1445.0,strength,20.7,2.5,4.0,2.0,16.210916984699416
21.0,Male,66.9,1.69,197.0,149.0,74.0,1.37,872.0,yoga,16.6,2.6,5.0,2.0,23.4235495956024
36.0,Female,50.1,1.85,199.0,140.0,68.0,0.91,1243.0,strength,30.7,2.8,4.0,2.0,14.638422205989773
23.0,Male,71.3,1.77,171.0,134.0,50.0,1.34,1239.0,cardio,35.0,2.5,3.0,3.0,22.758466596444187
39.0,Female,66.8,1.61,177.0,127.0,59.0,1.64,770.0,yoga,28.0,3.1,4.0,1.0,25.770610701747614
45.0,Male,53.9,1.68,169.0,141.0,71.0,1.59,1031.0,yoga,19.2,2.1,3.0,3.0,19.097222222222225
33.0,Female,97.1,1.86,166.0,127.0,72.0,1.39,1783.0,hiit,11.0,1.5,4.0,1.0,28.066828535090757
37.0,Male,62.1,1.85,196.0,151.0,64.0,1.28,943.0,hiit,26.7,3.3,4.0,1.0,18.14463111760409
28.0,Male,60.7,1.73,198.0,124.0,70.0,1.34,1212.0,cardio,24.8,2.0,2.0,1.0,20.281332486885628
24.0,Female,44.0,1.79,193.0,164.0,62.0,1.84,622.0,strength,26.3,3.5,4.0,2.0,13.73240535563809
23.0,Female,58.2,1.85,196.0,130.0,57.0,1.36,582.0,hiit,25.7,1.5,4.0,1.0,17.005113221329438
43.0,Male,74.2,1.76,188.0,141.0,68.0,0.98,1426.0,cardio,21.2,3.1,2.0,3.0,23.954028925619838
45.0,Female,42.1,1.86,194.0,129.0,74.0,0.91,1176.0,strength,22.1,3.6,5.0,1.0,12.169036882876632
28.0,Female,107.7,1.99,188.0,129.0,55.0,2.0,1127.0,yoga,10.0,2.0,2.0,1.0,27.19628292214843
57.0,Female,70.0,1.81,167.0,154.0,53.0,1.3,1149.0,yoga,26.6,1.5,3.0,3.0,21.36686914318855
55.0,Female,63.2,1.59,161.0,168.0,69.0,1.49,1094.0,yoga,19.0,3.6,3.0,2.0,24.99901111506665
50.0,Male,69.6,1.71,167.0,169.0,57.0,0.98,470.0,yoga,27.2,2.7,2.0,2.0,23.802195547347903
32.0,Male,57.0,1.76,170.0,160.0,71.0,1.82,904.0,strength,30.9,3.3,4.0,3.0,18.401342975206614
20.0,Female,75.8,1.87,160.0,163.0,63.0,2.0,988.0,hiit,23.5,2.7,4.0,3.0,21.676341902828216
30.0,Male,62.2,1.69,164.0,134.0,67.0,1.24,1783.0,cardio,30.3,3.2,3.0,2.0,21.777948951367254
31.0,Female,51.0,1.56,193.0,140.0,64.0,1.41,1347.0,cardio,28.6,3.5,2.0,2.0,20.956607495069033
31.0,Female,71.0,1.81,199.0,158.0,68.0,1.87,1228.0,strength,29.6,2.7,2.0,2.0,21.672110130948383
28.0,Female,70.0,1.74,198.0,169.0,69.0,2.0,1468.0,cardio,28.4,2.8,4.0,2.0,23.120623596247853
52.0,Female,73.5,1.78,181.0,162.0,67.0,2.0,1325.0,yoga,21.1,2.3,3.0,3.0,23.197828557000378
22.0,Female,60.1,1.71,198.0,161.0,70.0,1.04,533.0,hiit,10.3,3.4,5.0,1.0,20.5533326493622
48.0,Male,55.5,1.5,183.0,133.0,51.0,0.73,830.0,cardio,27.3,2.2,3.0,3.0,24.666666666666668
43.0,Male,102.5,1.79,190.0,138.0,69.0,1.54,844.0,cardio,19.7,3.7,4.0,2.0,31.990262476202368
50.0,Male,56.6,1.96,196.0,169.0,74.0,2.0,1299.0,strength,24.8,1.6,3.0,2.0,14.733444398167432
25.0,Female,74.9,1.66,192.0,138.0,58.0,1.73,1766.0,hiit,28.7,2.3,5.0,1.0,27.181013209464368
19.0,Female,82.8,1.79,192.0,127.0,74.0,1.18,1140.0,cardio,10.0,2.4,4.0,3.0,25.84189007833713
41.0,Female,73.3,1.71,196.0,158.0,56.0,1.36,1234.0,strength,30.1,3.2,4.0,3.0,25.067542149721284
53.0,Male,55.3,1.98,177.0,169.0,51.0,0.83,1273.0,strength,14.7,2.1,2.0,2.0,14.105703499642892
35.0,Male,95.9,1.69,175.0,129.0,58.0,1.22,1674.0,cardio,27.5,2.1,3.0,3.0,33.5772556983299
33.0,Male,89.6,1.62,175.0,137.0,56.0,1.09,906.0,cardio,23.9,1.6,3.0,1.0,34.14113702179545
21.0,Male,86.3,1.86,167.0,143.0,73.0,1.26,1783.0,cardio,27.1,3.1,3.0,2.0,24.94508035611053
33.0,Male,42.7,1.82,196.0,145.0,68.0,1.24,1436.0,yoga,26.3,3.7,4.0,1.0,12.890955198647505
33.0,Female,103.3,1.72,180.0,162.0,58.0,0.66,1104.0,yoga,22.6,3.2,2.0,1.0,34.91752298539752
33.0,Male,76.8,1.72,193.0,126.0,69.0,1.26,790.0,hiit,31.8,3.3,4.0,1.0,25.959978366684695
23.0,Female,69.1,1.63,198.0,138.0,57.0,2.0,1549.0,yoga,21.4,3.3,2.0,1.0,26.007753396815836
30.0,Male,75.6,1.82,196.0,138.0,74.0,1.31,925.0,cardio,32.4,3.3,3.0,3.0,22.823330515638204
56.0,Male,62.9,1.5,194.0,153.0,74.0,1.85,991.0,yoga,23.2,2.4,3.0,2.0,27.955555555555556
22.0,Female,53.5,1.76,194.0,137.0,66.0,2.0,1395.0,strength,13.1,2.3,5.0,2.0,17.271435950413224
21.0,Female,90.7,1.75,190.0,135.0,54.0,1.03,1155.0,cardio,28.0,2.3,3.0,2.0,29.616326530612245
21.0,Male,74.7,1.59,161.0,169.0,74.0,1.08,1379.0,yoga,15.2,2.5,3.0,2.0,29.547881808472763
50.0,Male,82.6,1.71,164.0,160.0,63.0,1.33,1011.0,yoga,22.4,3.6,5.0,2.0,28.248007934065182
27.0,Female,70.1,1.58,169.0,156.0,63.0,0.82,797.0,cardio,28.1,3.4,3.0,1.0,28.080435827591725
29.0,Female,40.2,1.7,184.0,152.0,70.0,1.82,744.0,strength,13.2,2.6,3.0,2.0,13.910034602076127
19.0,Female,76.4,1.79,189.0,132.0,57.0,1.41,1414.0,hiit,33.3,3.5,3.0,2.0,23.844449299335228
39.0,Male,78.5,1.59,197.0,153.0,71.0,1.88,1009.0,yoga,26.0,3.7,5.0,1.0,31.05098690716348
20.0,Female,82.6,1.6,174.0,149.0,63.0,2.0,775.0,hiit,22.9,3.3,2.0,2.0,32.26562499999999
34.0,Male,91.2,1.5,193.0,165.0,61.0,1.13,905.0,strength,24.0,3.4,4.0,1.0,40.53333333333333
23.0,Male,46.7,1.65,164.0,159.0,68.0,1.81,1563.0,yoga,15.8,2.5,4.0,2.0,17.153351698806247
28.0,Female,74.2,1.5,191.0,129.0,72.0,1.77,848.0,strength,17.3,1.5,3.0,2.0,32.97777777777778
32.0,Male,52.8,1.61,169.0,169.0,70.0,0.88,1375.0,strength,24.2,2.7,5.0,1.0,20.36958450677057
39.0,Male,70.7,1.58,189.0,163.0,66.0,1.69,1146.0,yoga,21.9,3.2,3.0,1.0,28.3207819259734
41.0,Male,77.0,1.5,190.0,146.0,56.0,1.3,1067.0,strength,27.5,3.3,4.0,2.0,34.22222222222222
23.0,Male,117.8,1.88,168.0,167.0,55.0,1.35,1259.0,strength,32.3,1.6,3.0,2.0,33.329560887279314
50.0,Female,57.3,1.72,197.0,133.0,56.0,2.0,950.0,yoga,11.1,3.2,2.0,3.0,19.36857760951866
22.0,Female,103.1,1.72,168.0,166.0,59.0,1.07,978.0,hiit,23.1,1.9,2.0,2.0,34.84991887506761
29.0,Female,77.4,1.69,179.0,132.0,74.0,1.11,712.0,yoga,27.0,3.5,2.0,3.0,27.099891460383045
42.0,Male,66.0,1.6,196.0,159.0,52.0,1.93,1042.0,strength,16.4,3.5,4.0,2.0,25.781249999999996
51.0,Female,84.6,1.77,197.0,141.0,55.0,1.44,543.0,hiit,23.4,2.9,5.0,3.0,27.003734559034758
51.0,Male,100.7,1.75,185.0,138.0,73.0,1.5,703.0,strength,25.5,1.8,4.0,3.0,32.881632653061224
22.0,Male,58.6,2.0,165.0,169.0,57.0,2.0,1402.0,strength,30.0,3.5,4.0,2.0,14.65
21.0,Female,57.4,1.74,179.0,161.0,73.0,2.0,457.0,hiit,27.7,2.5,3.0,1.0,18.958911348923237
26.0,Female,42.2,1.91,174.0,127.0,72.0,1.65,455.0,strength,23.6,2.9,3.0,2.0,11.567665360050439
37.0,Female,94.4,1.7,193.0,127.0,70.0,1.27,1183.0,hiit,16.4,3.4,4.0,1.0,32.6643598615917
45.0,Male,111.9,1.73,177.0,129.0,54.0,0.92,1267.0,strength,18.3,2.6,4.0,1.0,37.3884860837315
51.0,Male,61.1,1.82,165.0,163.0,57.0,1.19,1171.0,yoga,31.7,2.5,4.0,3.0,18.445839874411302
27.0,Female,89.7,1.67,172.0,130.0,64.0,1.46,729.0,yoga,27.7,3.4,4.0,2.0,32.16321847323318
34.0,Female,61.0,1.69,190.0,159.0,63.0,0.99,1040.0,cardio,23.6,3.6,5.0,3.0,21.35779559539232
31.0,Female,75.6,1.57,163.0,152.0,71.0,0.96,668.0,yoga,25.8,2.3,4.0,1.0,30.67061544078867
19.0,Female,90.6,1.85,187.0,131.0,68.0,1.67,607.0,hiit,27.5,3.3,2.0,2.0,26.47187728268809
47.0,Female,90.8,1.67,186.0,120.0,74.0,1.43,506.0,strength,32.0,2.7,3.0,3.0,32.557639212592775
27.0,Male,112.6,1.79,174.0,167.0,60.0,0.69,1282.0,strength,28.6,1.5,2.0,1.0,35.14247370556475
46.0,Male,108.9,1.86,162.0,165.0,74.0,1.42,936.0,strength,22.2,1.9,4.0,2.0,31.477627471383972
26.0,Male,43.2,1.8,185.0,149.0,52.0,1.87,1019.0,cardio,23.5,2.1,4.0,2.0,13.333333333333334
38.0,Male,85.5,1.77,175.0,156.0,50.0,1.13,766.0,hiit,14.6,3.4,2.0,1.0,27.291008330939384
47.0,Female,93.3,1.73,184.0,123.0,62.0,1.45,998.0,yoga,15.1,1.7,4.0,2.0,31.173777941127334
45.0,Female,73.7,1.7,190.0,167.0,67.0,1.11,1100.0,yoga,29.1,1.8,2.0,1.0,25.50173010380623
43.0,Male,56.4,1.8,174.0,161.0,74.0,1.03,327.0,strength,10.0,3.2,3.0,1.0,17.407407407407405
45.0,Female,60.7,1.63,170.0,139.0,74.0,1.18,1356.0,cardio,10.0,3.3,3.0,3.0,22.84617411268772
29.0,Female,84.4,1.67,184.0,160.0,74.0,1.28,1475.0,yoga,10.0,2.1,5.0,2.0,30.2628276381369
21.0,Female,62.1,1.68,173.0,158.0,71.0,1.23,1186.0,yoga,26.4,3.5,4.0,1.0,22.002551020408166
41.0,Male,83.7,1.92,161.0,163.0,59.0,1.37,1308.0,cardio,21.4,1.5,2.0,2.0,22.705078125
26.0,Female,80.6,1.86,195.0,127.0,53.0,2.0,564.0,strength,23.1,1.5,3.0,2.0,23.297491039426518
21.0,Male,62.3,1.91,198.0,141.0,51.0,1.47,1394.0,yoga,22.7,1.8,3.0,2.0,17.077382747183464
49.0,Female,97.4,1.67,171.0,132.0,72.0,1.97,1091.0,cardio,30.4,3.6,3.0,1.0,34.92416364875041
19.0,Male,51.4,1.78,167.0,154.0,70.0,2.0,1218.0,yoga,29.8,2.1,3.0,2.0,16.222699154147204
31.0,Male,79.1,1.74,192.0,167.0,74.0,0.93,1157.0,cardio,18.7,1.9,2.0,3.0,26.12630466376007
43.0,Male,57.5,2.0,172.0,126.0,64.0,1.4,735.0,cardio,16.9,2.1,3.0,1.0,14.375
43.0,Female,70.6,1.71,193.0,148.0,54.0,1.28,725.0,cardio,27.1,3.6,3.0,1.0,24.144181115556925
44.0,Female,68.0,1.66,182.0,146.0,68.0,0.82,1278.0,hiit,20.7,3.0,5.0,1.0,24.677021338365513
21.0,Female,121.6,1.78,182.0,151.0,50.0,1.81,1242.0,yoga,21.0,3.5,4.0,2.0,38.37899255144552
58.0,Female,51.2,1.72,165.0,139.0,70.0,0.79,1612.0,yoga,20.6,2.1,3.0,3.0,17.306652244456465
35.0,Female,60.8,1.64,161.0,127.0,74.0,1.57,1132.0,yoga,20.7,3.7,3.0,3.0,22.605591909577637
26.0,Female,64.7,1.75,172.0,157.0,52.0,1.35,1193.0,yoga,23.5,1.6,3.0,2.0,21.1265306122449
24.0,Female,58.5,1.87,183.0,128.0,74.0,1.36,1034.0,hiit,24.8,3.3,4.0,1.0,16.7291029197289
31.0,Female,49.1,1.7,162.0,167.0,63.0,1.1,891.0,strength,23.5,2.9,3.0,1.0,16.989619377162633
39.0,Female,67.8,1.59,164.0,158.0,74.0,1.65,1374.0,strength,25.9,2.6,5.0,2.0,26.818559392429094
50.0,Male,41.1,1.51,169.0,152.0,63.0,2.0,1069.0,strength,24.9,1.5,4.0,2.0,18.025525196263324
28.0,Male,73.2,1.76,171.0,159.0,61.0,1.21,973.0,hiit,26.4,2.0,4.0,1.0,23.63119834710744
41.0,Female,117.7,1.67,189.0,123.0,58.0,2.0,1243.0,yoga,26.2,3.2,2.0,1.0,42.203019111477644
31.0,Male,63.8,1.74,199.0,140.0,55.0,1.5,741.0,hiit,28.1,1.6,3.0,2.0,21.0727969348659
25.0,Female,73.3,1.5,185.0,169.0,67.0,1.38,433.0,strength,30.6,1.5,4.0,1.0,32.577777777777776
34.0,Male,90.0,1.74,194.0,167.0,57.0,1.36,764.0,cardio,25.0,2.6,4.0,2.0,29.72651605231867
39.0,Male,109.6,1.84,199.0,152.0,74.0,1.27,790.0,hiit,26.7,3.5,2.0,2.0,32.37240075614366
20.0,Male,115.4,1.73,187.0,154.0,63.0,1.12,878.0,yoga,30.7,3.5,3.0,1.0,38.557920411640886
22.0,Male,47.4,1.91,161.0,164.0,73.0,2.0,1206.0,cardio,26.6,3.5,5.0,3.0,12.993064883089827
26.0,Female,71.2,2.0,169.0,159.0,52.0,1.42,749.0,strength,29.8,3.5,4.0,2.0,17.8
53.0,Female,46.4,1.7,169.0,120.0,72.0,1.49,1415.0,yoga,21.9,3.4,4.0,2.0,16.05536332179931
20.0,Male,64.9,1.69,187.0,128.0,54.0,0.68,1303.0,cardio,10.0,3.3,4.0,3.0,22.723294002310848
43.0,Female,47.6,1.65,198.0,140.0,61.0,2.0,692.0,cardio,22.0,3.5,3.0,2.0,17.483930211202942
51.0,Female,72.2,1.91,184.0,140.0,70.0,1.39,960.0,hiit,21.0,1.5,3.0,2.0,19.791124146816152
54.0,Female,79.8,1.94,163.0,120.0,63.0,1.53,827.0,yoga,25.3,3.3,4.0,2.0,21.203103411627165
23.0,Female,52.4,1.86,166.0,130.0,59.0,1.53,880.0,yoga,21.6,1.5,4.0,2.0,15.146259683200368
34.0,Female,88.8,1.56,198.0,160.0,53.0,1.18,1086.0,cardio,32.6,3.4,4.0,2.0,36.489151873767256
29.0,Female,101.5,1.9,175.0,165.0,74.0,1.46,1128.0,yoga,26.3,2.7,2.0,1.0,28.11634349030471
41.0,Female,66.2,1.83,196.0,126.0,74.0,1.6,993.0,yoga,20.2,2.5,5.0,1.0,19.767684911463466
30.0,Female,119.6,1.72,191.0,150.0,74.0,1.77,1006.0,yoga,13.1,2.2,4.0,3.0,40.427257977285024
34.0,Male,53.0,1.92,199.0,134.0,68.0,1.12,790.0,strength,19.8,3.5,4.0,3.0,14.37717013888889
56.0,Female,45.7,1.96,192.0,153.0,71.0,2.0,868.0,yoga,11.4,2.0,4.0,2.0,11.896084964598085
42.0,Female,105.3,1.67,175.0,143.0,74.0,1.1,1115.0,strength,25.4,3.3,3.0,1.0,37.75682168596938
31.0,Male,84.5,1.56,194.0,124.0,70.0,1.31,734.0,strength,23.6,3.3,2.0,2.0,34.72222222222222
50.0,Male,98.6,1.54,187.0,126.0,57.0,0.72,940.0,strength,23.5,1.6,3.0,1.0,41.57530780907404
27.0,Male,55.4,1.72,186.0,153.0,74.0,2.0,1281.0,strength,10.9,2.4,4.0,2.0,18.726338561384534
26.0,Female,63.9,1.75,199.0,121.0,72.0,2.0,638.0,hiit,23.6,3.4,4.0,2.0,20.865306122448978
27.0,Male,91.9,1.5,185.0,154.0,60.0,1.08,825.0,hiit,28.8,3.2,5.0,2.0,40.84444444444445
21.0,Male,76.8,1.52,191.0,140.0,66.0,1.08,702.0,cardio,21.0,3.6,3.0,2.0,33.24099722991689
47.0,Female,70.7,1.66,195.0,169.0,60.0,1.25,1033.0,yoga,16.7,3.5,4.0,2.0,25.656844244447672
43.0,Male,46.8,1.67,178.0,141.0,64.0,1.03,1403.0,cardio,26.1,3.2,3.0,1.0,16.780809638208613
27.0,Male,100.7,1.75,163.0,166.0,61.0,1.28,1159.0,cardio,28.1,3.7,3.0,1.0,32.881632653061224
44.0,Female,73.4,1.59,199.0,152.0,72.0,0.94,721.0,cardio,23.0,2.2,4.0,1.0,29.033661643131204
22.0,Male,63.4,1.83,196.0,169.0,71.0,1.66,466.0,cardio,28.0,3.4,2.0,3.0,18.931589477141745
24.0,Female,48.3,1.73,193.0,136.0,62.0,1.98,1404.0,strength,22.0,3.5,3.0,1.0,16.13819372514952
45.0,Female,80.5,1.89,183.0,134.0,74.0,1.02,1311.0,hiit,24.6,1.9,4.0,1.0,22.535763276504017
21.0,Male,66.7,1.93,175.0,166.0,63.0,1.26,949.0,yoga,27.8,3.4,2.0,2.0,17.906520980429008
31.0,Female,55.0,1.6,172.0,164.0,53.0,1.85,1361.0,strength,20.6,3.4,4.0,1.0,21.484374999999996
46.0,Male,65.7,1.75,192.0,135.0,59.0,1.31,881.0,strength,10.0,2.7,2.0,1.0,21.453061224489797
53.0,Female,84.7,1.61,193.0,158.0,72.0,2.0,478.0,yoga,25.6,2.4,3.0,1.0,32.67620847961113
48.0,Female,61.8,1.71,172.0,140.0,62.0,1.37,1266.0,cardio,28.6,3.6,4.0,1.0,21.134708115317533
25.0,Male,44.2,1.9,174.0,159.0,50.0,1.1,1293.0,yoga,25.7,2.5,4.0,2.0,12.243767313019392
31.0,Male,58.7,1.66,183.0,149.0,74.0,1.15,1368.0,cardio,23.1,2.3,4.0,1.0,21.302075772971406
59.0,Female,44.5,1.84,183.0,154.0,71.0,1.28,787.0,cardio,26.5,1.7,2.0,2.0,13.143903591682419
44.0,Female,84.8,2.0,196.0,155.0,70.0,1.66,1439.0,hiit,12.1,1.7,2.0,1.0,21.2
57.0,Female,80.0,1.79,167.0,127.0,54.0,1.01,312.0,yoga,24.3,2.6,4.0,2.0,24.968009737523797
20.0,Male,87.1,1.91,186.0,150.0,51.0,1.39,1431.0,yoga,27.0,2.8,3.0,3.0,23.875442010909786
27.0,Male,56.4,1.76,198.0,129.0,71.0,1.79,488.0,hiit,22.9,3.3,4.0,1.0,18.207644628099175
32.0,Male,58.4,2.0,179.0,139.0,60.0,1.21,1379.0,strength,23.3,3.2,4.0,2.0,14.6
42.0,Female,68.5,1.75,187.0,167.0,54.0,1.3,708.0,cardio,15.4,1.6,4.0,1.0,22.367346938775512
55.0,Female,67.1,1.58,199.0,122.0,71.0,1.86,960.0,strength,21.7,1.5,4.0,2.0,26.878705335683378
31.0,Female,55.7,1.8,168.0,167.0,64.0,1.53,600.0,hiit,34.4,2.8,4.0,3.0,17.191358024691358
39.0,Female,63.2,1.74,181.0,157.0,54.0,1.62,900.0,strength,13.9,2.1,5.0,1.0,20.874620161183778
40.0,Female,64.6,1.55,198.0,133.0,74.0,1.39,303.0,strength,21.4,1.5,2.0,2.0,26.888657648283033
26.0,Female,56.7,1.73,168.0,144.0,71.0,0.68,1129.0,strength,25.5,3.4,3.0,1.0,18.944836112132045
48.0,Male,56.0,1.7,164.0,132.0,50.0,2.0,1148.0,hiit,26.6,3.1,2.0,2.0,19.377162629757787
54.0,Female,74.9,1.69,195.0,153.0,62.0,1.1,1389.0,yoga,14.4,3.1,3.0,1.0,26.224571968768604
59.0,Male,70.2,1.77,172.0,124.0,68.0,1.47,1069.0,cardio,21.4,3.5,4.0,1.0,22.407354208560758
23.0,Male,96.5,1.8,187.0,155.0,68.0,0.92,1465.0,yoga,29.3,3.2,3.0,1.0,29.78395061728395
30.0,Male,56.6,2.0,184.0,125.0,52.0,1.29,918.0,cardio,28.9,3.3,2.0,1.0,14.15
48.0,Female,81.9,1.8,180.0,165.0,67.0,1.25,1410.0,cardio,24.0,3.5,4.0,2.0,25.27777777777778
21.0,Female,70.5,1.84,173.0,127.0,66.0,0.97,1013.0,cardio,26.7,1.6,5.0,3.0,20.823487712665404
23.0,Female,70.5,1.65,192.0,162.0,50.0,0.63,1186.0,cardio,27.1,2.6,2.0,2.0,25.895316804407717
46.0,Male,54.8,1.69,194.0,148.0,74.0,0.52,846.0,yoga,16.5,3.5,3.0,3.0,19.18700325618851
42.0,Male,72.0,1.9,184.0,147.0,67.0,1.48,1047.0,yoga,15.6,3.4,3.0,1.0,19.94459833795014
29.0,Male,56.3,1.81,189.0,166.0,65.0,1.39,1066.0,strength,14.3,2.9,3.0,1.0,17.18506761087879
47.0,Female,51.4,1.88,176.0,125.0,58.0,0.88,1133.0,yoga,24.0,3.3,3.0,3.0,14.542779538252603
50.0,Male,87.9,1.68,192.0,151.0,71.0,2.0,494.0,strength,15.5,3.1,3.0,3.0,31.143707482993204
35.0,Male,53.0,1.67,183.0,128.0,72.0,1.29,682.0,yoga,21.9,2.2,3.0,2.0,19.003908350962746
43.0,Female,46.3,1.61,190.0,136.0,69.0,2.0,1185.0,yoga,21.4,3.5,4.0,1.0,17.861965201959798
53.0,Female,82.9,1.6,170.0,148.0,55.0,1.93,541.0,hiit,17.8,2.5,3.0,2.0,32.38281249999999
27.0,Male,41.0,1.82,171.0,138.0,53.0,1.47,1273.0,cardio,29.1,2.4,4.0,1.0,12.377732157951938
22.0,Female,99.5,1.79,186.0,122.0,56.0,1.45,1783.0,cardio,27.6,3.5,2.0,2.0,31.053962111045223
31.0,Female,47.4,1.73,178.0,150.0,57.0,1.64,962.0,cardio,28.8,2.0,4.0,3.0,15.837482040829963
22.0,Male,89.8,1.79,179.0,163.0,59.0,2.0,1098.0,strength,28.2,1.7,3.0,1.0,28.026590930370464
28.0,Female,81.7,1.81,177.0,130.0,50.0,1.45,507.0,cardio,23.2,1.7,3.0,1.0,24.938188699978635
40.0,Male,40.4,1.68,171.0,130.0,54.0,2.0,527.0,strength,27.3,3.3,4.0,3.0,14.314058956916101
41.0,Male,40.2,1.76,198.0,135.0,56.0,1.93,964.0,strength,18.8,3.4,4.0,1.0,12.97778925619835
47.0,Male,49.9,1.74,190.0,120.0,65.0,1.97,406.0,hiit,29.4,1.5,5.0,2.0,16.481701677896684
19.0,Female,76.6,1.84,188.0,138.0,71.0,1.72,699.0,hiit,28.3,3.5,4.0,1.0,22.625236294896027
32.0,Female,69.5,1.65,192.0,140.0,52.0,1.71,1163.0,cardio,29.8,3.5,4.0,1.0,25.528007346189167
46.0,Female,68.6,1.63,177.0,150.0,58.0,2.0,1074.0,strength,25.8,3.6,3.0,3.0,25.819564153712975
46.0,Male,73.0,2.0,184.0,123.0,64.0,0.9,1159.0,cardio,10.0,3.4,5.0,3.0,18.25
52.0,Female,40.8,1.71,181.0,169.0,73.0,1.44,303.0,yoga,28.3,1.6,3.0,1.0,13.953011182928082
19.0,Male,42.1,1.6,194.0,148.0,73.0,1.27,1305.0,cardio,12.7,3.3,2.0,2.0,16.445312499999996
29.0,Male,72.1,2.0,166.0,124.0,67.0,2.0,1582.0,strength,32.7,3.4,3.0,2.0,18.025
49.0,Female,62.0,1.87,195.0,125.0,74.0,1.04,842.0,hiit,20.0,3.5,3.0,1.0,17.72998941919986
21.0,Male,51.9,1.57,170.0,167.0,73.0,1.25,1082.0,strength,27.5,1.6,3.0,2.0,21.055620917684287
33.0,Male,92.8,1.59,161.0,150.0,52.0,1.19,1640.0,cardio,23.8,2.6,3.0,3.0,36.70740872592065
36.0,Female,44.9,1.79,166.0,120.0,74.0,1.66,811.0,hiit,16.2,3.3,3.0,1.0,14.013295465185232
33.0,Male,78.6,1.7,161.0,168.0,65.0,2.0,855.0,cardio,10.0,3.2,2.0,1.0,27.197231833910035
29.0,Male,53.8,1.66,163.0,133.0,64.0,2.0,1187.0,strength,34.5,1.5,4.0,1.0,19.523878647118597
44.0,Male,63.3,1.88,189.0,150.0,74.0,1.02,1184.0,strength,16.5,3.5,4.0,1.0,17.90968764146673
42.0,Female,98.1,1.73,165.0,120.0,69.0,1.52,477.0,yoga,21.7,1.9,2.0,2.0,32.77757359083163
32.0,Male,87.2,1.5,193.0,152.0,58.0,1.28,1538.0,cardio,23.2,2.1,3.0,3.0,38.75555555555556
48.0,Male,51.6,1.8,181.0,161.0,68.0,0.82,1487.0,cardio,22.5,1.9,4.0,2.0,15.925925925925926
21.0,Male,69.4,1.85,177.0,153.0,74.0,1.55,879.0,strength,10.0,2.4,3.0,2.0,20.277574872169467
38.0,Female,77.4,1.54,169.0,149.0,50.0,2.0,867.0,strength,29.0,3.6,5.0,2.0,32.636194973857314
42.0,Female,82.3,1.94,198.0,132.0,57.0,1.46,1050.0,yoga,10.0,3.2,3.0,2.0,21.867361037304708
40.0,Female,95.5,1.84,196.0,144.0,68.0,1.94,1568.0,yoga,26.7,3.7,3.0,1.0,28.207703213610586
19.0,Male,60.7,1.7,183.0,128.0,74.0,1.22,817.0,strength,20.9,2.8,4.0,1.0,21.00346020761246
37.0,Female,63.1,1.84,185.0,158.0,56.0,1.3,1248.0,hiit,31.9,3.5,3.0,1.0,18.637759924385634
51.0,Female,55.7,1.5,188.0,143.0,58.0,1.19,1302.0,hiit,27.7,2.0,3.0,1.0,24.755555555555556
52.0,Male,53.1,1.55,184.0,167.0,50.0,1.95,1205.0,strength,14.6,3.5,5.0,1.0,22.10197710718002
52.0,Female,65.8,1.82,168.0,167.0,71.0,1.15,751.0,strength,17.1,1.5,3.0,1.0,19.8647506339814
35.0,Female,40.4,1.71,176.0,130.0,70.0,1.97,1110.0,hiit,17.0,3.6,4.0,3.0,13.816216955644473
19.0,Female,43.6,1.7,168.0,126.0,55.0,1.42,685.0,hiit,23.9,1.5,4.0,3.0,15.08650519031142
24.0,Male,54.0,1.71,191.0,169.0,71.0,1.23,730.0,cardio,29.0,2.7,2.0,2.0,18.467220683287167
21.0,Female,87.8,1.88,195.0,133.0,74.0,1.95,621.0,hiit,19.9,3.4,3.0,3.0,24.8415572657311
38.0,Male,82.7,2.0,178.0,138.0,72.0,1.46,1219.0,yoga,25.8,3.6,4.0,1.0,20.675
33.0,Male,84.0,1.7,194.0,156.0,73.0,0.5,580.0,cardio,20.5,2.5,3.0,3.0,29.065743944636683
48.0,Male,63.8,1.79,185.0,135.0,71.0,1.69,1242.0,hiit,29.7,1.5,4.0,1.0,19.911987765675228
45.0,Male,94.6,1.69,178.0,147.0,56.0,1.95,1105.0,yoga,29.9,1.8,2.0,2.0,33.122089562690384
59.0,Female,71.1,1.73,184.0,125.0,66.0,1.07,691.0,cardio,25.2,2.6,2.0,3.0,23.756223061244942
22.0,Female,48.6,1.72,177.0,156.0,70.0,1.39,708.0,yoga,25.4,3.4,3.0,1.0,16.427798810167662
42.0,Male,57.3,1.73,194.0,153.0,65.0,1.97,1132.0,strength,22.2,3.2,4.0,1.0,19.14531056834508
36.0,Female,55.9,1.76,181.0,169.0,74.0,1.91,474.0,strength,18.2,1.5,5.0,1.0,18.046229338842974
41.0,Male,73.2,2.0,179.0,161.0,58.0,1.06,758.0,hiit,17.6,1.8,2.0,1.0,18.3
24.0,Female,91.8,1.82,171.0,140.0,52.0,2.0,1065.0,strength,16.1,2.7,4.0,2.0,27.71404419756068
55.0,Female,51.9,1.64,171.0,150.0,68.0,1.05,1619.0,strength,22.8,2.2,5.0,3.0,19.296549672813804
36.0,Male,60.1,1.78,186.0,169.0,51.0,1.46,1108.0,cardio,35.0,2.0,3.0,1.0,18.9685645751799
23.0,Female,64.7,2.0,184.0,169.0,55.0,1.46,860.0,strength,32.4,2.5,5.0,2.0,16.175
24.0,Male,73.0,1.61,188.0,131.0,60.0,0.56,864.0,yoga,27.4,3.6,2.0,2.0,28.162493730951734
48.0,Female,79.1,1.63,168.0,135.0,53.0,1.15,1302.0,yoga,35.0,3.3,4.0,1.0,29.77153825887312
47.0,Female,82.2,1.72,174.0,126.0,70.0,1.15,1211.0,yoga,25.0,3.7,2.0,3.0,27.785289345592215
33.0,Female,60.7,1.57,179.0,135.0,69.0,1.24,964.0,hiit,26.0,2.9,3.0,1.0,24.62574546634752
50.0,Female,76.4,1.54,172.0,133.0,71.0,1.3,1311.0,strength,25.2,2.1,3.0,1.0,32.214538708045204
49.0,Female,95.6,1.67,164.0,134.0,74.0,1.71,466.0,cardio,26.0,1.8,3.0,2.0,34.278747893434684
25.0,Female,85.1,1.98,185.0,148.0,58.0,1.29,785.0,yoga,22.5,3.5,4.0,1.0,21.706968676665646
34.0,Female,72.9,1.71,164.0,122.0,73.0,1.78,432.0,hiit,27.8,1.5,2.0,2.0,24.93074792243768
30.0,Female,42.2,1.63,177.0,134.0,74.0,2.0,685.0,yoga,26.4,3.7,3.0,2.0,15.883172117881744
22.0,Male,64.6,2.0,196.0,137.0,73.0,0.85,704.0,hiit,21.4,2.5,3.0,3.0,16.15
54.0,Male,55.2,1.8,168.0,137.0,55.0,2.0,1472.0,hiit,27.0,3.1,4.0,2.0,17.037037037037038
49.0,Female,105.3,1.83,165.0,150.0,70.0,1.53,699.0,strength,31.4,3.7,3.0,1.0,31.44316044074173
21.0,Female,49.2,1.64,177.0,164.0,53.0,0.58,1114.0,hiit,23.3,2.9,3.0,1.0,18.292682926829272
48.0,Female,60.0,1.92,165.0,140.0,72.0,2.0,1751.0,hiit,11.1,1.5,2.0,2.0,16.276041666666668
21.0,Male,56.1,1.54,182.0,168.0,52.0,1.34,1083.0,strength,33.1,2.5,4.0,2.0,23.65491651205937
44.0,Male,56.1,1.68,191.0,152.0,69.0,1.8,1223.0,strength,15.4,2.6,4.0,2.0,19.876700680272112
45.0,Male,59.5,1.61,194.0,121.0,55.0,1.3,741.0,cardio,24.5,2.0,4.0,3.0,22.954361328652443
58.0,Male,73.5,1.93,175.0,169.0,61.0,1.45,1019.0,hiit,14.0,2.7,2.0,2.0,19.732073344250853
20.0,Female,104.3,1.79,197.0,158.0,72.0,1.3,933.0,strength,23.4,3.2,2.0,3.0,32.55204269529665
39.0,Female,65.3,1.61,187.0,141.0,74.0,1.69,1783.0,hiit,30.3,3.4,3.0,3.0,25.19192932371436
52.0,Male,47.8,1.79,168.0,144.0,68.0,0.95,715.0,cardio,27.3,2.4,5.0,3.0,14.918385818170469
34.0,Male,62.5,1.87,185.0,167.0,73.0,0.96,1353.0,cardio,29.6,2.3,4.0,1.0,17.87297320483857
59.0,Female,57.4,1.56,190.0,156.0,72.0,1.15,813.0,cardio,18.5,2.7,3.0,2.0,23.58645627876397
23.0,Male,90.0,1.58,172.0,164.0,60.0,0.78,682.0,strength,25.0,3.2,4.0,1.0,36.05191475725044
28.0,Female,91.6,1.68,191.0,128.0,59.0,0.68,1783.0,yoga,19.1,2.6,2.0,2.0,32.4546485260771
48.0,Female,84.1,1.69,187.0,136.0,56.0,1.68,758.0,strength,22.2,2.3,3.0,3.0,29.445747697909738
43.0,Female,57.8,1.57,190.0,142.0,56.0,1.39,698.0,strength,21.3,1.6,4.0,1.0,23.44922714917441
55.0,Female,100.0,1.63,183.0,155.0,74.0,2.0,1256.0,cardio,10.5,2.4,3.0,2.0,37.63784862057285
30.0,Female,61.9,1.55,181.0,150.0,72.0,1.93,1117.0,hiit,27.1,3.6,3.0,2.0,25.76482830385015
19.0,Male,58.6,1.64,187.0,135.0,66.0,1.18,1564.0,yoga,10.0,3.4,3.0,2.0,21.787626412849498
21.0,Male,80.8,1.8,195.0,137.0,64.0,1.1,1285.0,cardio,29.8,2.7,3.0,3.0,24.93827160493827
21.0,Female,42.7,1.81,166.0,139.0,71.0,1.42,1044.0,cardio,26.0,3.2,3.0,3.0,13.033790177345015
29.0,Male,60.9,1.86,191.0,152.0,60.0,1.79,1108.0,strength,31.5,1.5,4.0,3.0,17.603191120360734
40.0,Male,78.8,1.7,176.0,169.0,63.0,1.78,1179.0,strength,21.1,1.9,2.0,1.0,27.26643598615917
37.0,Female,85.3,1.69,162.0,136.0,71.0,1.49,859.0,hiit,22.8,3.4,4.0,2.0,29.86590105388467
47.0,Female,84.8,1.58,180.0,157.0,54.0,0.83,940.0,cardio,26.3,1.9,5.0,2.0,33.96891523794263
43.0,Male,57.4,1.69,166.0,143.0,66.0,1.14,775.0,strength,23.7,3.3,3.0,1.0,20.09733552746753
50.0,Male,55.0,1.5,177.0,120.0,69.0,1.07,715.0,yoga,27.2,1.7,4.0,2.0,24.444444444444443
43.0,Male,56.9,1.68,161.0,154.0,61.0,2.0,742.0,strength,26.5,2.0,3.0,1.0,20.160147392290252
20.0,Female,84.8,1.74,165.0,151.0,59.0,1.49,717.0,hiit,24.9,3.4,4.0,3.0,28.008984013740253
24.0,Female,96.9,1.88,181.0,166.0,72.0,1.36,1220.0,cardio,15.8,3.7,3.0,2.0,27.416251697600728
24.0,Male,81.2,1.56,182.0,166.0,66.0,1.62,1148.0,yoga,25.5,2.7,4.0,3.0,33.36620644312952
53.0,Female,70.5,1.9,198.0,146.0,69.0,0.84,766.0,cardio,31.9,2.9,5.0,1.0,19.52908587257618
38.0,Male,58.7,1.72,189.0,152.0,58.0,1.21,1063.0,hiit,21.2,1.6,3.0,1.0,19.841806381828018
26.0,Male,62.0,1.65,199.0,142.0,56.0,1.61,1361.0,hiit,35.0,3.5,2.0,3.0,22.77318640955005
33.0,Female,63.0,1.71,189.0,126.0,57.0,1.24,1175.0,strength,25.6,3.2,3.0,1.0,21.545090797168363
45.0,Male,52.7,1.82,172.0,129.0,69.0,0.62,1783.0,yoga,22.9,3.2,3.0,1.0,15.909914261562612
29.0,Male,79.4,1.71,186.0,124.0,74.0,2.0,877.0,yoga,29.6,1.5,3.0,2.0,27.153654115796318
37.0,Male,108.5,1.97,192.0,120.0,74.0,2.0,1091.0,cardio,27.2,1.5,2.0,1.0,27.957432554304415
34.0,Female,73.9,1.75,192.0,165.0,74.0,1.64,816.0,cardio,35.0,1.5,3.0,2.0,24.13061224489796
36.0,Male,72.8,1.63,184.0,130.0,68.0,1.44,669.0,hiit,25.1,1.7,3.0,3.0,27.400353795777033
34.0,Female,57.6,1.7,167.0,141.0,68.0,0.88,710.0,cardio,14.7,1.5,3.0,2.0,19.93079584775087
48.0,Female,49.3,1.74,179.0,142.0,74.0,1.31,723.0,hiit,19.2,3.5,4.0,3.0,16.28352490421456
33.0,Male,65.6,1.87,189.0,168.0,56.0,1.16,1437.0,yoga,16.3,3.5,2.0,1.0,18.75947267579856
43.0,Female,73.6,1.79,170.0,169.0,72.0,1.16,1408.0,strength,17.4,1.5,4.0,1.0,22.97056895852189
49.0,Female,56.0,1.6,183.0,169.0,66.0,0.98,1263.0,strength,27.9,1.7,5.0,1.0,21.874999999999996
44.0,Female,88.2,1.88,192.0,169.0,51.0,2.0,1783.0,hiit,28.5,1.9,4.0,2.0,24.954730647351745
27.0,Female,55.8,1.67,192.0,167.0,74.0,2.0,642.0,yoga,28.8,3.4,3.0,2.0,20.007888414787192
41.0,Male,73.2,1.75,190.0,137.0,58.0,1.24,1048.0,strength,30.4,3.4,2.0,3.0,23.902040816326533
54.0,Male,58.5,1.96,185.0,133.0,60.0,2.0,1131.0,yoga,13.1,2.5,3.0,1.0,15.228029987505208
45.0,Female,57.5,1.55,190.0,123.0,54.0,1.33,893.0,hiit,28.8,3.3,3.0,1.0,23.933402705515086
24.0,Female,55.6,1.73,175.0,120.0,71.0,1.09,775.0,yoga,17.2,3.0,4.0,2.0,18.57729960907481
32.0,Female,42.4,1.79,176.0,135.0,56.0,1.63,843.0,yoga,27.1,1.5,2.0,2.0,13.233045160887613
33.0,Female,77.0,1.69,191.0,154.0,58.0,1.16,1187.0,cardio,29.1,3.2,4.0,2.0,26.959840341724732
28.0,Female,74.7,1.69,163.0,158.0,58.0,1.37,854.0,hiit,14.0,3.4,4.0,2.0,26.15454640943945
59.0,Male,65.1,1.68,161.0,144.0,62.0,2.0,1050.0,strength,26.1,2.0,5.0,3.0,23.065476190476193
23.0,Male,64.3,1.58,160.0,123.0,62.0,1.02,1360.0,strength,22.0,3.4,4.0,1.0,25.757090209902255
20.0,Female,43.6,1.6,165.0,141.0,60.0,1.37,1783.0,strength,16.9,1.5,4.0,1.0,17.031249999999996
21.0,Male,100.4,1.62,188.0,128.0,73.0,1.4,614.0,strength,29.3,3.3,2.0,1.0,38.25636335924401
48.0,Female,73.8,1.88,191.0,151.0,59.0,1.88,1783.0,cardio,19.2,2.0,4.0,1.0,20.8804889090086
23.0,Male,52.3,1.74,184.0,122.0,65.0,1.38,915.0,yoga,10.0,3.5,4.0,1.0,17.27440877262518
51.0,Male,57.3,1.71,188.0,169.0,50.0,1.09,1375.0,strength,28.1,3.6,2.0,3.0,19.59577305837694
20.0,Male,92.8,2.0,195.0,154.0,58.0,1.44,676.0,yoga,24.3,1.5,4.0,2.0,23.2
24.0,Female,65.3,1.74,178.0,168.0,63.0,1.12,984.0,hiit,25.6,3.3,4.0,2.0,21.56823886907121
37.0,Male,60.2,1.76,194.0,169.0,72.0,1.7,1114.0,yoga,31.4,1.8,4.0,2.0,19.434400826446282
54.0,Female,56.6,1.67,199.0,123.0,60.0,1.09,962.0,strength,25.0,3.1,5.0,2.0,20.294739861594177
34.0,Male,63.8,1.8,192.0,129.0,54.0,1.92,1229.0,cardio,13.8,3.1,4.0,2.0,19.691358024691358
43.0,Female,43.9,1.82,173.0,164.0,72.0,1.61,567.0,hiit,16.3,3.2,3.0,1.0,13.253230286197319
24.0,Male,46.0,1.71,175.0,126.0,59.0,1.18,1725.0,strength,26.1,1.5,2.0,1.0,15.731336137614994
37.0,Female,58.0,1.89,182.0,163.0,72.0,1.39,1156.0,yoga,26.0,3.4,5.0,2.0,16.23694745387867
55.0,Female,91.1,1.85,190.0,149.0,74.0,1.49,649.0,strength,31.8,3.0,3.0,1.0,26.61796932067202
27.0,Female,96.8,1.73,174.0,136.0,71.0,1.91,887.0,strength,31.7,2.6,3.0,2.0,32.34321226903672
20.0,Male,43.5,1.52,189.0,146.0,63.0,2.0,1213.0,strength,24.3,2.5,4.0,2.0,18.827908587257618
55.0,Male,54.2,1.62,197.0,127.0,56.0,1.18,335.0,strength,28.3,2.4,2.0,1.0,20.652339582380733
34.0,Male,59.8,1.77,186.0,151.0,55.0,0.97,792.0,yoga,23.0,2.1,3.0,2.0,19.087746177662865
40.0,Male,45.4,1.84,167.0,156.0,50.0,1.13,771.0,cardio,11.5,3.5,4.0,2.0,13.409735349716446
28.0,Female,62.1,1.68,191.0,130.0,74.0,0.85,1098.0,strength,13.9,2.8,4.0,2.0,22.002551020408166
26.0,Male,72.8,1.57,196.0,138.0,61.0,1.04,1382.0,strength,29.8,3.4,2.0,3.0,29.53466672075946
27.0,Female,73.5,1.92,168.0,155.0,50.0,1.18,1048.0,strength,14.2,3.4,5.0,2.0,19.938151041666668
51.0,Female,87.1,1.77,185.0,126.0,60.0,1.46,990.0,cardio,21.1,3.4,2.0,1.0,27.801717258769827
45.0,Male,76.3,1.67,177.0,168.0,50.0,1.41,1013.0,cardio,11.6,3.1,3.0,3.0,27.358456739216177
33.0,Female,75.5,1.85,181.0,147.0,59.0,1.22,1267.0,hiit,21.8,2.8,3.0,2.0,22.059897735573408
44.0,Female,49.3,1.55,193.0,168.0,72.0,1.48,918.0,cardio,21.5,3.6,5.0,1.0,20.520291363163366
56.0,Female,92.0,1.86,184.0,167.0,71.0,1.56,999.0,cardio,24.2,2.1,5.0,3.0,26.59266967279454
46.0,Male,92.6,1.76,197.0,144.0,74.0,0.96,1291.0,hiit,13.8,3.3,2.0,2.0,29.894111570247933
23.0,Male,83.0,1.74,160.0,120.0,72.0,1.35,1628.0,yoga,21.0,3.3,5.0,2.0,27.414453692693883
21.0,Female,78.5,1.8,179.0,169.0,59.0,1.64,683.0,yoga,23.9,2.7,4.0,1.0,24.228395061728392
56.0,Female,56.2,1.69,198.0,155.0,74.0,1.64,1486.0,cardio,24.4,1.8,2.0,1.0,19.6771821714926
58.0,Male,87.4,1.64,188.0,148.0,57.0,0.56,1249.0,strength,10.0,3.5,3.0,3.0,32.495538370017854
26.0,Male,92.2,1.59,176.0,143.0,55.0,1.57,1050.0,strength,24.5,2.4,4.0,2.0,36.47007634191685
53.0,Female,76.2,1.67,185.0,142.0,68.0,1.55,804.0,hiit,25.5,3.4,3.0,1.0,27.322600308365306
46.0,Female,48.4,1.82,163.0,163.0,68.0,1.51,1221.0,hiit,19.2,3.7,5.0,2.0,14.611761864509116
24.0,Female,47.3,1.92,189.0,155.0,74.0,1.4,505.0,hiit,29.5,3.4,5.0,2.0,12.830946180555555
31.0,Female,71.4,1.68,180.0,143.0,68.0,1.37,606.0,yoga,23.8,3.2,2.0,2.0,25.297619047619055
24.0,Male,103.6,1.88,175.0,154.0,60.0,1.55,436.0,yoga,20.9,3.2,3.0,1.0,29.31190583974649
35.0,Female,81.0,1.78,196.0,151.0,67.0,2.0,1246.0,hiit,10.0,3.3,3.0,1.0,25.5649539199596
21.0,Female,80.0,1.67,167.0,169.0,57.0,0.94,899.0,strength,29.8,3.1,3.0,2.0,28.685144680698485
37.0,Male,48.3,1.81,167.0,134.0,69.0,1.97,1276.0,yoga,26.1,1.8,3.0,2.0,14.743139708800097
35.0,Female,66.7,1.72,171.0,153.0,65.0,1.15,776.0,hiit,18.7,2.5,4.0,1.0,22.545970795024342
39.0,Female,70.3,1.74,170.0,152.0,59.0,2.0,864.0,cardio,20.4,1.5,3.0,2.0,23.219711983088914
26.0,Male,57.8,1.61,162.0,135.0,65.0,1.91,684.0,yoga,18.2,3.7,3.0,1.0,22.298522433548086
33.0,Male,79.8,1.53,172.0,148.0,72.0,1.98,1132.0,yoga,14.7,1.7,3.0,2.0,34.08945277457388
47.0,Female,74.7,1.77,195.0,130.0,68.0,1.93,1056.0,hiit,22.1,3.4,4.0,2.0,23.843723068083882
42.0,Female,86.7,1.7,196.0,135.0,68.0,1.22,923.0,strength,27.2,3.2,3.0,2.0,30.000000000000004
28.0,Male,87.3,1.51,190.0,168.0,56.0,2.0,1306.0,yoga,32.0,2.3,4.0,2.0,38.287794394982676
26.0,Male,89.2,1.81,161.0,169.0,61.0,1.34,820.0,strength,23.5,2.6,4.0,1.0,27.227496108177405
30.0,Male,100.1,1.76,170.0,160.0,55.0,1.43,1694.0,hiit,25.9,1.8,3.0,2.0,32.31534090909091
58.0,Female,68.6,1.72,164.0,155.0,72.0,1.23,797.0,yoga,27.2,2.5,2.0,1.0,23.188209843158464
46.0,Female,45.7,1.96,168.0,137.0,64.0,1.38,1303.0,strength,29.8,3.3,2.0,2.0,11.896084964598085
19.0,Female,55.2,1.71,172.0,136.0,74.0,1.93,670.0,yoga,10.0,3.1,4.0,1.0,18.877603365137993
31.0,Female,91.7,1.74,172.0,166.0,56.0,1.28,892.0,yoga,19.8,3.1,4.0,3.0,30.28801691108469
47.0,Male,78.7,1.69,170.0,144.0,57.0,1.0,845.0,yoga,24.5,1.9,4.0,1.0,27.555057596022554
22.0,Male,47.1,1.87,165.0,132.0,68.0,0.72,674.0,strength,31.7,3.2,2.0,2.0,13.469072607166346
23.0,Male,85.1,1.79,194.0,138.0,55.0,1.16,829.0,strength,23.7,2.6,4.0,2.0,26.55972035829094
48.0,Female,87.9,1.5,180.0,164.0,68.0,1.41,974.0,yoga,22.1,2.6,4.0,1.0,39.06666666666667
24.0,Female,74.2,1.58,177.0,140.0,71.0,1.28,780.0,strength,23.6,1.9,4.0,2.0,29.722800833199805
22.0,Male,49.6,1.87,190.0,137.0,54.0,1.6,1326.0,hiit,30.5,1.9,5.0,1.0,14.183991535359889
54.0,Male,69.8,1.75,170.0,131.0,72.0,1.29,954.0,strength,32.0,3.2,2.0,1.0,22.791836734693877
42.0,Female,40.5,1.64,196.0,137.0,59.0,1.12,1150.0,yoga,13.4,3.7,5.0,2.0,15.058001189767998
24.0,Female,45.7,1.63,199.0,144.0,71.0,0.94,1137.0,yoga,19.6,1.8,2.0,3.0,17.200496819601796
25.0,Male,40.8,1.69,194.0,145.0,54.0,1.65,1353.0,hiit,24.4,2.5,4.0,1.0,14.28521410314765
59.0,Male,82.0,1.51,185.0,121.0,70.0,1.82,625.0,strength,28.5,2.2,4.0,3.0,35.963334941449936
29.0,Female,60.9,1.92,192.0,151.0,67.0,1.5,1407.0,cardio,18.0,3.5,5.0,1.0,16.520182291666668
27.0,Male,55.0,1.68,169.0,136.0,64.0,1.07,1389.0,cardio,24.6,2.1,4.0,2.0,19.48696145124717
34.0,Female,80.0,2.0,173.0,125.0,56.0,1.82,773.0,strength,22.3,2.8,4.0,2.0,20.0
24.0,Male,44.3,1.65,189.0,129.0,56.0,1.9,972.0,yoga,27.8,3.3,2.0,1.0,16.271808999081728
24.0,Male,63.6,1.74,199.0,135.0,61.0,1.31,486.0,hiit,26.1,2.2,2.0,3.0,21.00673801030519
29.0,Female,50.2,1.89,197.0,125.0,51.0,1.46,1286.0,strength,27.6,3.3,2.0,3.0,14.053357968701885
58.0,Male,43.6,1.67,176.0,142.0,74.0,1.13,1089.0,hiit,26.7,3.4,4.0,2.0,15.633403850980674
38.0,Male,60.5,1.72,187.0,139.0,50.0,1.34,1096.0,yoga,20.9,3.7,4.0,2.0,20.45024337479719
39.0,Female,76.7,1.86,193.0,122.0,65.0,1.29,1770.0,yoga,23.1,3.2,3.0,1.0,22.170193085905883
25.0,Female,59.2,1.84,168.0,160.0,51.0,1.53,1476.0,yoga,25.1,3.7,4.0,2.0,17.485822306238184
27.0,Male,57.4,1.89,193.0,128.0,51.0,0.92,1121.0,yoga,22.4,3.5,4.0,2.0,16.068979031941996
33.0,Male,69.5,1.75,178.0,131.0,74.0,1.51,1651.0,strength,32.4,1.6,3.0,3.0,22.693877551020407
23.0,Male,47.4,1.96,161.0,142.0,65.0,1.18,441.0,cardio,18.7,1.6,3.0,1.0,12.338608912952937
33.0,Male,76.5,1.75,198.0,139.0,57.0,1.22,984.0,strength,12.5,3.4,3.0,1.0,24.979591836734695
25.0,Female,83.1,1.72,182.0,167.0,67.0,0.89,771.0,strength,23.8,2.3,4.0,1.0,28.0895078420768
47.0,Female,70.4,1.93,177.0,153.0,74.0,1.28,846.0,strength,23.5,1.6,3.0,2.0,18.899836237214423
39.0,Female,50.3,1.94,164.0,160.0,66.0,0.58,992.0,cardio,10.0,2.9,4.0,1.0,13.36486342863216
20.0,Male,66.2,1.85,196.0,120.0,58.0,0.84,420.0,hiit,24.9,1.5,4.0,1.0,19.342585829072316
19.0,Female,51.4,1.84,169.0,152.0,58.0,1.14,1175.0,cardio,20.9,3.5,5.0,3.0,15.181947069943288
58.0,Female,78.3,1.52,176.0,123.0,74.0,1.49,1063.0,cardio,30.5,3.4,3.0,2.0,33.89023545706371
31.0,Female,79.4,1.56,171.0,126.0,69.0,1.42,963.0,cardio,21.3,3.1,3.0,3.0,32.626561472715316
25.0,Male,72.5,1.78,177.0,142.0,67.0,1.99,1047.0,hiit,27.4,3.0,4.0,3.0,22.88221184193915
21.0,Male,92.1,1.77,175.0,167.0,74.0,1.66,737.0,cardio,25.3,3.3,4.0,2.0,29.397682658239965
55.0,Female,72.6,1.55,191.0,137.0,50.0,2.0,1084.0,cardio,24.1,2.5,3.0,2.0,30.21852237252861
40.0,Male,76.7,1.68,177.0,133.0,57.0,0.89,984.0,cardio,27.3,3.1,2.0,3.0,27.175453514739235
39.0,Male,91.0,1.73,165.0,169.0,72.0,1.49,813.0,strength,23.3,3.4,2.0,3.0,30.405292525644022
26.0,Female,78.3,1.58,184.0,141.0,68.0,1.5,1436.0,yoga,15.0,3.7,3.0,1.0,31.365165838807876
26.0,Female,54.2,1.64,190.0,151.0,65.0,0.82,1184.0,yoga,16.7,3.3,2.0,1.0,20.151695419393224
19.0,Female,64.8,1.6,189.0,149.0,59.0,0.5,880.0,yoga,22.3,1.9,4.0,2.0,25.312499999999993
25.0,Female,45.5,1.58,182.0,136.0,69.0,2.0,1137.0,yoga,17.4,1.7,2.0,2.0,18.226245793943274
42.0,Female,59.0,1.89,175.0,142.0,63.0,1.25,1092.0,hiit,27.7,3.5,5.0,1.0,16.516894823773132
43.0,Female,89.2,1.73,163.0,135.0,67.0,1.51,1367.0,yoga,14.5,3.5,3.0,1.0,29.80386915700491
47.0,Female,108.3,1.67,176.0,169.0,69.0,1.07,1204.0,yoga,27.6,3.7,2.0,2.0,38.83251461149557
48.0,Female,45.9,1.94,169.0,141.0,74.0,1.13,1507.0,cardio,29.1,3.2,5.0,2.0,12.195770007439686
39.0,Male,40.7,1.84,197.0,145.0,55.0,1.48,1128.0,strength,25.3,1.5,4.0,1.0,12.021502835538753
50.0,Female,88.5,2.0,181.0,146.0,72.0,1.33,1088.0,cardio,11.9,2.3,4.0,1.0,22.125
27.0,Female,62.5,1.67,186.0,129.0,65.0,1.2,1783.0,strength,23.2,1.5,3.0,2.0,22.410269281795692
43.0,Female,79.0,1.73,186.0,158.0,55.0,1.2,1146.0,cardio,25.2,3.6,4.0,2.0,26.395803401383272
19.0,Male,51.8,1.6,176.0,159.0,72.0,1.14,574.0,cardio,25.3,2.0,4.0,2.0,20.234374999999996
38.0,Female,89.3,1.58,184.0,135.0,58.0,1.58,995.0,hiit,24.0,2.9,4.0,3.0,35.77151097580515
50.0,Female,102.6,1.62,198.0,138.0,66.0,1.48,1149.0,hiit,10.0,2.7,5.0,2.0,39.094650205761305
19.0,Male,75.3,1.67,166.0,130.0,58.0,1.22,928.0,hiit,27.4,3.2,3.0,2.0,26.999892430707447
45.0,Male,45.9,1.51,195.0,142.0,57.0,1.64,303.0,cardio,29.8,2.7,3.0,1.0,20.130696022104292
59.0,Male,66.9,1.57,178.0,120.0,71.0,1.44,1153.0,yoga,27.5,3.3,2.0,2.0,27.141060489269343
37.0,Male,44.2,1.5,194.0,154.0,74.0,1.11,612.0,cardio,24.0,3.5,2.0,2.0,19.644444444444446
54.0,Male,46.3,1.62,161.0,138.0,60.0,1.03,1175.0,hiit,32.2,2.5,4.0,2.0,17.642127724432246
24.0,Male,87.1,1.9,196.0,122.0,51.0,1.42,1153.0,yoga,27.6,3.3,3.0,1.0,24.127423822714682
33.0,Male,49.7,1.82,179.0,169.0,71.0,1.55,968.0,cardio,32.2,3.6,4.0,3.0,15.00422654268808
49.0,Male,88.4,1.75,192.0,145.0,74.0,1.27,493.0,yoga,23.5,2.2,3.0,1.0,28.86530612244898
35.0,Male,40.3,1.79,183.0,120.0,68.0,1.24,1420.0,strength,14.5,1.7,5.0,1.0,12.577634905277613
34.0,Male,72.1,1.78,167.0,163.0,58.0,0.84,536.0,hiit,12.1,2.9,3.0,2.0,22.755965155914655
36.0,Female,85.1,1.73,194.0,156.0,74.0,1.41,1024.0,cardio,28.9,3.5,4.0,3.0,28.433960372882485
47.0,Female,74.1,1.87,168.0,123.0,70.0,0.95,1030.0,yoga,14.8,1.5,3.0,1.0,21.190197031656606
45.0,Female,47.9,1.71,194.0,169.0,70.0,0.78,772.0,hiit,23.5,2.8,3.0,2.0,16.381108717212136
25.0,Male,113.3,1.75,187.0,155.0,74.0,1.44,564.0,strength,22.1,1.6,3.0,2.0,36.99591836734694
23.0,Female,78.2,1.9,180.0,131.0,55.0,0.85,888.0,strength,16.2,2.3,3.0,1.0,21.662049861495845
23.0,Female,69.2,1.73,180.0,165.0,70.0,2.0,765.0,hiit,23.3,1.8,4.0,2.0,23.121387283236995
48.0,Female,91.3,1.58,175.0,152.0,72.0,1.25,1576.0,yoga,28.9,3.4,2.0,2.0,36.57266463707739
46.0,Male,68.2,1.88,172.0,167.0,70.0,1.41,723.0,strength,17.2,2.6,5.0,1.0,19.296061566319604
20.0,Male,70.5,1.65,179.0,144.0,74.0,0.6,1151.0,yoga,15.5,3.5,2.0,2.0,25.895316804407717
37.0,Female,58.0,1.6,168.0,143.0,52.0,1.28,834.0,strength,21.0,3.6,4.0,2.0,22.656249999999996
23.0,Female,83.5,1.5,194.0,142.0,63.0,2.0,767.0,yoga,25.8,2.9,4.0,2.0,37.111111111111114
49.0,Male,60.2,1.62,162.0,155.0,72.0,1.11,1105.0,strength,23.4,3.1,3.0,1.0,22.93857643651882
48.0,Male,87.3,2.0,190.0,159.0,61.0,1.97,897.0,yoga,10.7,3.5,5.0,3.0,21.825
55.0,Female,59.9,1.53,178.0,157.0,54.0,1.23,1044.0,hiit,26.9,3.4,4.0,1.0,25.588448887180142
44.0,Male,66.8,1.97,194.0,126.0,65.0,1.66,1382.0,hiit,18.5,1.6,4.0,2.0,17.212502254631655
37.0,Male,75.8,1.63,192.0,131.0,64.0,0.98,921.0,strength,26.5,1.5,4.0,1.0,28.52948925439422
21.0,Female,51.6,1.5,175.0,149.0,66.0,2.0,863.0,yoga,25.2,2.0,3.0,1.0,22.933333333333334
27.0,Female,55.4,1.88,187.0,134.0,53.0,2.0,855.0,strength,16.3,2.6,5.0,1.0,15.674513354459032
23.0,Male,72.9,1.51,190.0,164.0,57.0,1.29,925.0,strength,22.3,1.5,2.0,1.0,31.972281917459764
30.0,Female,80.2,1.91,192.0,135.0,62.0,1.47,1461.0,strength,16.5,3.7,2.0,3.0,21.984046489953677
36.0,Female,100.2,1.93,199.0,166.0,60.0,0.98,1076.0,hiit,24.6,2.7,4.0,2.0,26.900051008080755
45.0,Male,84.1,1.71,161.0,169.0,56.0,1.38,480.0,yoga,22.4,3.4,3.0,3.0,28.760986286378717
51.0,Male,52.0,1.92,173.0,164.0,74.0,1.31,706.0,cardio,25.7,1.5,2.0,1.0,14.105902777777779
25.0,Male,70.7,1.7,165.0,160.0,53.0,0.99,808.0,hiit,23.5,2.1,3.0,1.0,24.463667820069208
52.0,Female,50.8,1.8,199.0,159.0,63.0,1.51,1153.0,hiit,24.9,2.4,4.0,2.0,15.679012345679011
42.0,Female,77.0,1.63,185.0,136.0,68.0,1.07,1029.0,cardio,29.2,1.5,5.0,1.0,28.981143437841094
31.0,Female,50.1,1.69,185.0,169.0,64.0,1.68,1001.0,strength,27.4,1.6,4.0,1.0,17.541402611953366
50.0,Male,59.1,1.74,181.0,156.0,51.0,1.01,985.0,yoga,30.1,3.5,2.0,3.0,19.520412207689258
46.0,Female,67.5,1.76,160.0,150.0,74.0,1.43,577.0,yoga,20.0,2.6,4.0,2.0,21.791064049586776
27.0,Female,41.4,1.69,191.0,169.0,56.0,1.99,647.0,yoga,23.2,2.8,5.0,2.0,14.495290781135116
24.0,Male,95.5,1.57,181.0,158.0,67.0,1.47,1609.0,cardio,32.5,2.0,4.0,2.0,38.743965272424845
26.0,Male,79.7,1.64,194.0,148.0,55.0,2.0,1462.0,yoga,21.8,3.2,4.0,2.0,29.63265913146937
33.0,Female,71.8,1.51,190.0,167.0,59.0,1.84,1321.0,hiit,26.6,3.2,4.0,3.0,31.48984693653787
35.0,Male,73.4,1.57,169.0,138.0,67.0,1.14,977.0,strength,32.4,3.0,4.0,3.0,29.778084303622865
54.0,Female,45.8,1.62,163.0,135.0,66.0,1.26,1703.0,strength,15.2,1.6,4.0,2.0,17.451607986587405
44.0,Female,106.8,1.65,171.0,143.0,71.0,1.54,1295.0,cardio,17.1,3.5,3.0,3.0,39.22865013774105
19.0,Male,59.8,1.7,181.0,120.0,73.0,1.54,1130.0,cardio,29.6,3.5,3.0,1.0,20.69204152249135
44.0,Male,52.5,1.65,174.0,169.0,51.0,1.95,1783.0,cardio,29.4,2.0,2.0,1.0,19.283746556473833
58.0,Male,56.5,1.76,180.0,139.0,74.0,2.0,1396.0,yoga,24.1,3.4,2.0,2.0,18.239927685950413
28.0,Female,67.1,1.9,184.0,169.0,59.0,1.61,587.0,yoga,20.8,2.7,3.0,1.0,18.587257617728532
34.0,Female,79.3,1.65,181.0,149.0,64.0,1.4,501.0,hiit,12.0,2.3,2.0,1.0,29.12764003673095
35.0,Male,75.7,1.74,189.0,136.0,74.0,1.7,854.0,hiit,24.0,1.5,2.0,2.0,25.003302946228036
29.0,Male,82.5,1.79,190.0,132.0,69.0,0.9,664.0,yoga,10.0,2.3,2.0,1.0,25.748260041821418
23.0,Female,56.5,1.97,169.0,151.0,56.0,2.0,1380.0,strength,28.6,2.6,3.0,2.0,14.558478703393543
27.0,Male,75.4,1.58,192.0,169.0,63.0,1.3,1386.0,strength,16.9,3.6,3.0,1.0,30.203493029963145
48.0,Male,59.6,1.78,181.0,152.0,53.0,1.65,1741.0,strength,23.2,3.3,4.0,1.0,18.810756217649285
29.0,Female,57.2,1.84,168.0,141.0,74.0,1.56,303.0,yoga,16.8,2.4,5.0,3.0,16.895085066162572
39.0,Female,74.3,1.63,178.0,169.0,57.0,1.35,1376.0,yoga,25.9,3.2,3.0,3.0,27.96492152508563
54.0,Male,63.8,1.92,188.0,131.0,57.0,0.98,1117.0,hiit,20.7,1.6,5.0,2.0,17.30685763888889
20.0,Male,57.1,1.66,168.0,146.0,74.0,1.17,1040.0,cardio,24.6,3.5,2.0,2.0,20.72143997677457
43.0,Male,68.8,1.79,188.0,122.0,73.0,1.56,350.0,hiit,23.4,1.5,4.0,1.0,21.472488374270466
55.0,Female,98.6,1.6,197.0,167.0,74.0,1.16,802.0,hiit,22.1,2.9,4.0,2.0,38.51562499999999
36.0,Male,45.8,1.59,177.0,126.0,74.0,0.92,1221.0,strength,32.9,3.0,3.0,3.0,18.116371978956526
53.0,Female,47.5,1.66,166.0,156.0,55.0,1.1,1766.0,hiit,22.5,1.6,3.0,1.0,17.237625199593555
52.0,Male,88.0,1.87,180.0,128.0,74.0,1.44,1058.0,strength,32.2,1.7,4.0,2.0,25.165146272412706
43.0,Male,76.3,1.66,188.0,164.0,58.0,0.84,606.0,strength,25.7,1.8,3.0,1.0,27.689069531136596
31.0,Female,85.9,1.7,162.0,143.0,56.0,2.0,1455.0,yoga,28.0,3.3,3.0,3.0,29.723183391003467
28.0,Male,93.7,1.77,192.0,142.0,57.0,1.45,1230.0,cardio,14.8,3.6,2.0,2.0,29.90839158607041
26.0,Male,83.6,1.79,171.0,128.0,72.0,0.7,1247.0,strength,25.4,3.2,3.0,1.0,26.091570175712366
40.0,Male,79.9,1.51,175.0,169.0,64.0,1.44,1277.0,yoga,26.2,1.5,5.0,3.0,35.042322705144514
45.0,Female,70.2,1.82,167.0,139.0,67.0,1.32,953.0,strength,10.0,1.5,4.0,2.0,21.19309262166405
40.0,Female,44.2,1.7,161.0,160.0,64.0,1.71,979.0,yoga,23.7,3.4,3.0,2.0,15.294117647058826
49.0,Male,90.6,1.78,181.0,130.0,63.0,1.27,1002.0,strength,28.2,2.3,3.0,2.0,28.594874384547403
40.0,Female,56.8,1.54,166.0,167.0,71.0,1.06,1225.0,yoga,27.6,1.7,4.0,1.0,23.950075898127846
51.0,Female,48.7,1.5,168.0,140.0,58.0,0.93,1108.0,cardio,27.3,3.2,2.0,2.0,21.644444444444446
41.0,Female,72.3,1.66,165.0,142.0,74.0,1.4,758.0,cardio,25.6,3.6,4.0,1.0,26.237480040644506
43.0,Female,68.0,1.78,183.0,120.0,58.0,2.0,1030.0,hiit,22.8,1.5,4.0,2.0,21.461936624163616
44.0,Male,46.7,1.81,191.0,132.0,58.0,1.45,1113.0,cardio,10.0,3.5,4.0,3.0,14.254754128384361
30.0,Male,59.4,1.87,190.0,122.0,50.0,1.77,1337.0,yoga,25.5,2.8,4.0,1.0,16.986473733878576
25.0,Female,64.6,1.51,194.0,127.0,55.0,1.4,1155.0,cardio,26.9,3.5,2.0,3.0,28.33209069777641
45.0,Female,61.1,1.74,171.0,164.0,69.0,1.16,1019.0,yoga,19.6,2.8,3.0,1.0,20.18100145329634
47.0,Female,70.1,1.71,199.0,139.0,74.0,1.15,1238.0,cardio,25.1,2.5,4.0,1.0,23.973188331452413
28.0,Male,50.3,1.81,176.0,156.0,70.0,1.46,1143.0,strength,31.8,1.9,3.0,1.0,15.35362168431977
28.0,Male,59.9,1.7,169.0,163.0,65.0,1.26,1474.0,yoga,11.7,2.9,4.0,1.0,20.72664359861592
41.0,Male,52.8,1.68,192.0,132.0,59.0,1.47,1709.0,cardio,29.6,3.5,4.0,1.0,18.70748299319728
51.0,Female,62.7,1.73,198.0,140.0,50.0,1.98,1656.0,strength,18.2,3.6,4.0,2.0,20.94958067426242
34.0,Male,76.4,1.84,164.0,161.0,69.0,1.2,978.0,cardio,17.0,3.0,3.0,1.0,22.56616257088847
52.0,Male,54.7,1.93,193.0,135.0,62.0,2.0,416.0,cardio,31.9,3.2,2.0,2.0,14.684957985449275
30.0,Male,46.3,1.59,166.0,133.0,54.0,1.33,1001.0,strength,23.8,2.2,2.0,2.0,18.314148965626355
35.0,Female,68.2,1.7,178.0,137.0,52.0,2.0,1181.0,hiit,23.5,3.3,3.0,2.0,23.59861591695502
36.0,Female,85.1,1.67,184.0,131.0,53.0,1.03,608.0,yoga,19.7,2.1,4.0,2.0,30.513822654093012
56.0,Female,63.7,1.74,161.0,158.0,65.0,1.94,1297.0,yoga,28.6,3.2,3.0,3.0,21.039767472585545
56.0,Male,64.7,1.78,199.0,129.0,62.0,1.1,941.0,hiit,11.5,2.4,3.0,2.0,20.42040146446156
28.0,Male,56.5,1.73,198.0,136.0,74.0,1.23,991.0,strength,14.5,3.6,5.0,1.0,18.878011293394366
45.0,Male,46.0,1.76,165.0,135.0,69.0,1.05,1121.0,yoga,24.0,1.5,5.0,2.0,14.850206611570249
47.0,Female,46.9,1.91,162.0,145.0,53.0,1.17,733.0,hiit,23.8,1.5,3.0,2.0,12.856007236643732
49.0,Male,110.8,1.62,162.0,169.0,59.0,1.34,1783.0,cardio,11.5,1.7,4.0,2.0,42.21917390641669
19.0,Male,97.4,1.75,173.0,144.0,56.0,1.27,917.0,hiit,27.1,3.2,4.0,2.0,31.804081632653062
42.0,Male,117.7,1.71,198.0,149.0,74.0,0.89,943.0,cardio,23.7,1.8,4.0,1.0,40.251701378201844
28.0,Male,51.1,1.66,161.0,154.0,65.0,0.86,944.0,hiit,31.1,3.3,5.0,2.0,18.544055741036438
44.0,Female,65.0,1.57,165.0,168.0,70.0,1.02,1232.0,cardio,27.9,3.6,3.0,1.0,26.370238143535232
24.0,Male,86.3,1.71,191.0,150.0,50.0,1.33,1166.0,yoga,33.3,1.8,3.0,1.0,29.513354536438566
39.0,Male,43.3,1.68,184.0,128.0,51.0,1.5,712.0,cardio,13.2,1.5,2.0,2.0,15.34155328798186
59.0,Female,72.8,1.65,172.0,165.0,55.0,1.17,1104.0,hiit,15.4,3.4,3.0,1.0,26.740128558310378
29.0,Female,65.0,1.77,194.0,152.0,66.0,1.34,715.0,hiit,25.2,1.8,2.0,1.0,20.747550193111813
46.0,Female,61.2,1.79,190.0,157.0,72.0,1.05,947.0,strength,22.6,2.5,3.0,1.0,19.100527449205707
27.0,Female,63.3,1.9,183.0,148.0,67.0,0.58,933.0,hiit,20.0,3.2,4.0,2.0,17.534626038781163
40.0,Female,95.3,1.86,171.0,130.0,67.0,1.46,796.0,strength,10.0,2.0,4.0,1.0,27.546537171927387
46.0,Male,49.8,1.91,160.0,146.0,65.0,2.0,1009.0,hiit,29.4,3.0,3.0,3.0,13.650941586031085
33.0,Female,73.0,1.69,196.0,135.0,67.0,1.93,881.0,yoga,10.0,2.2,2.0,2.0,25.55932915514163
30.0,Male,88.2,1.72,191.0,155.0,54.0,1.28,911.0,strength,27.2,2.2,4.0,3.0,29.813412655489458
34.0,Female,61.7,1.81,183.0,141.0,72.0,0.98,1443.0,hiit,31.4,2.6,4.0,3.0,18.833368944781906
30.0,Male,45.4,1.73,197.0,151.0,50.0,1.27,1200.0,cardio,23.1,3.6,4.0,3.0,15.169233853453171
53.0,Female,71.9,2.0,191.0,161.0,74.0,1.6,1286.0,cardio,29.0,3.7,5.0,2.0,17.975
26.0,Female,64.7,1.61,197.0,137.0,74.0,1.48,1088.0,hiit,25.1,2.2,5.0,2.0,24.960456772501058
52.0,Male,58.2,1.71,182.0,161.0,50.0,1.49,1364.0,hiit,28.7,3.5,3.0,2.0,19.90356006976506
49.0,Male,53.8,1.81,185.0,169.0,71.0,1.56,1345.0,strength,25.3,2.4,4.0,2.0,16.4219651414792
26.0,Female,63.6,1.77,173.0,145.0,55.0,1.29,1586.0,strength,18.9,2.8,3.0,1.0,20.300679881260173
41.0,Female,65.7,1.57,170.0,169.0,71.0,1.13,708.0,yoga,26.5,1.9,5.0,1.0,26.654225323542537
59.0,Female,65.5,1.78,168.0,139.0,56.0,1.26,505.0,strength,22.8,2.0,2.0,2.0,20.67289483651054
54.0,Female,76.8,1.79,189.0,132.0,64.0,1.32,815.0,strength,20.7,2.1,4.0,1.0,23.969289348022844
26.0,Female,92.4,1.59,165.0,169.0,55.0,1.49,1783.0,hiit,24.9,1.5,4.0,2.0,36.549187136584784
28.0,Male,88.5,1.64,160.0,163.0,50.0,1.25,1190.0,cardio,31.7,3.2,3.0,1.0,32.90452111838192
52.0,Female,54.3,1.73,185.0,137.0,57.0,2.0,1783.0,yoga,20.5,3.1,3.0,2.0,18.142938287279893
23.0,Male,71.2,1.56,170.0,140.0,68.0,0.79,1014.0,yoga,21.8,3.5,4.0,1.0,29.25706771860618
26.0,Female,64.1,1.68,190.0,168.0,55.0,1.35,1175.0,strength,28.1,3.4,2.0,2.0,22.711167800453516
21.0,Female,76.0,1.72,196.0,160.0,73.0,1.51,1306.0,strength,28.8,3.5,3.0,3.0,25.689561925365066
27.0,Female,62.9,1.73,187.0,157.0,54.0,0.99,569.0,strength,27.9,2.4,4.0,1.0,21.0164054930001
28.0,Male,69.3,1.99,183.0,154.0,62.0,1.97,827.0,strength,14.4,1.5,4.0,2.0,17.499558091967373
38.0,Male,60.6,1.81,170.0,159.0,71.0,1.45,577.0,cardio,24.8,3.7,3.0,3.0,18.497603858246087
27.0,Female,75.2,1.96,172.0,132.0,61.0,1.22,829.0,hiit,14.9,2.7,3.0,1.0,19.575177009579345
25.0,Male,42.2,1.82,185.0,140.0,56.0,0.86,373.0,strength,17.9,3.5,4.0,2.0,12.74000724550175
29.0,Female,57.0,1.7,168.0,160.0,61.0,0.74,976.0,yoga,17.7,2.8,4.0,3.0,19.723183391003463
28.0,Female,45.0,1.8,187.0,162.0,74.0,1.82,1395.0,strength,23.2,2.7,4.0,3.0,13.888888888888888
50.0,Female,49.4,1.91,188.0,131.0,74.0,1.11,963.0,strength,17.6,2.7,2.0,1.0,13.541295468874209
27.0,Female,50.3,1.66,180.0,131.0,74.0,1.12,677.0,cardio,27.6,1.8,2.0,2.0,18.253737842938015
40.0,Female,61.0,1.88,171.0,138.0,62.0,1.38,1180.0,hiit,24.9,2.0,2.0,3.0,17.25894069714803
59.0,Male,79.3,1.79,198.0,162.0,74.0,1.78,933.0,strength,25.2,2.7,4.0,2.0,24.749539652320465
50.0,Female,102.2,1.65,198.0,157.0,64.0,1.64,1123.0,yoga,17.3,3.3,4.0,2.0,37.53902662993573
41.0,Female,69.6,1.63,193.0,169.0,55.0,1.46,1157.0,strength,27.9,3.7,4.0,1.0,26.1959426399187
22.0,Male,96.9,1.8,163.0,132.0,56.0,0.94,748.0,hiit,21.7,2.5,4.0,2.0,29.90740740740741
26.0,Female,64.3,1.7,192.0,140.0,65.0,1.51,1236.0,yoga,33.9,3.6,3.0,2.0,22.249134948096888
30.0,Female,85.4,1.71,188.0,169.0,74.0,1.17,744.0,hiit,21.6,3.6,4.0,2.0,29.205567525050448
33.0,Female,72.9,1.58,178.0,153.0,57.0,0.94,1139.0,hiit,25.9,3.5,2.0,1.0,29.202050953372854
25.0,Female,48.8,1.84,186.0,168.0,65.0,1.68,972.0,strength,25.0,1.7,3.0,2.0,14.413988657844989
38.0,Male,53.6,1.7,188.0,126.0,73.0,0.97,1083.0,yoga,30.4,3.4,4.0,2.0,18.54671280276817
47.0,Male,77.9,1.76,164.0,139.0,59.0,1.29,1233.0,cardio,34.0,2.8,2.0,1.0,25.148502066115704
35.0,Male,68.5,1.73,175.0,142.0,58.0,1.2,840.0,cardio,19.3,2.1,2.0,3.0,22.887500417655115
32.0,Female,113.1,1.73,165.0,135.0,58.0,1.5,1081.0,yoga,26.2,3.3,4.0,1.0,37.78943499615757
25.0,Male,61.3,1.77,173.0,167.0,50.0,1.88,1760.0,strength,35.0,3.1,4.0,2.0,19.566535797503906
38.0,Male,41.1,1.67,184.0,133.0,74.0,0.63,804.0,hiit,25.6,2.8,5.0,3.0,14.736993079708846
36.0,Male,78.2,1.63,191.0,169.0,74.0,2.0,1381.0,cardio,23.1,2.7,3.0,2.0,29.43279762128797
35.0,Male,94.6,1.69,167.0,158.0,57.0,0.75,1534.0,yoga,33.1,2.0,4.0,2.0,33.122089562690384
28.0,Female,68.8,1.73,198.0,169.0,66.0,1.46,1279.0,yoga,31.4,1.6,3.0,1.0,22.987737645761634
27.0,Female,43.4,1.71,184.0,165.0,71.0,1.24,945.0,strength,10.0,3.6,2.0,2.0,14.842173660271538
24.0,Male,70.3,1.87,191.0,127.0,62.0,1.75,1285.0,yoga,23.9,1.5,2.0,3.0,20.10352026080242
59.0,Male,61.0,1.62,191.0,162.0,74.0,1.69,499.0,hiit,14.6,1.8,3.0,3.0,23.243408017070564
37.0,Female,44.2,1.61,168.0,164.0,73.0,1.13,1011.0,yoga,28.8,2.5,4.0,3.0,17.051811272713245
53.0,Male,53.5,1.71,195.0,169.0,54.0,1.04,900.0,yoga,25.1,2.7,3.0,2.0,18.296227899182657
44.0,Male,63.7,1.62,176.0,166.0,54.0,1.16,1142.0,cardio,23.0,3.2,5.0,2.0,24.272214601432704
25.0,Female,68.8,1.73,182.0,133.0,74.0,1.65,851.0,strength,28.8,1.8,3.0,3.0,22.987737645761634
53.0,Female,68.9,1.6,191.0,155.0,70.0,0.89,874.0,yoga,10.2,1.6,3.0,2.0,26.914062499999996
25.0,Male,100.4,1.76,173.0,169.0,58.0,0.85,1465.0,cardio,30.4,1.8,3.0,1.0,32.41219008264463
50.0,Female,60.4,1.72,184.0,124.0,74.0,2.0,494.0,yoga,27.9,3.0,4.0,2.0,20.416441319632234
59.0,Female,97.4,1.57,199.0,153.0,70.0,0.73,877.0,yoga,18.1,3.3,4.0,1.0,39.514787618158955
21.0,Male,46.4,2.0,198.0,135.0,74.0,1.0,497.0,cardio,29.7,1.8,2.0,1.0,11.6
38.0,Male,87.9,1.75,183.0,130.0,74.0,1.54,1273.0,hiit,24.2,1.6,3.0,1.0,28.702040816326534
40.0,Male,87.8,1.64,161.0,145.0,59.0,1.63,849.0,cardio,22.5,2.6,4.0,2.0,32.64425936942297
52.0,Female,62.4,1.91,191.0,161.0,63.0,2.0,1783.0,yoga,27.3,3.2,2.0,1.0,17.104794276472685
20.0,Female,65.7,1.81,189.0,165.0,55.0,1.66,733.0,strength,35.0,3.5,4.0,2.0,20.05433289582125
23.0,Female,51.4,2.0,182.0,158.0,65.0,1.07,738.0,strength,31.7,2.6,4.0,2.0,12.85
34.0,Female,75.2,2.0,196.0,141.0,73.0,1.13,753.0,hiit,33.8,3.6,4.0,2.0,18.8
34.0,Male,77.7,1.81,187.0,149.0,54.0,1.08,842.0,strength,33.0,3.0,2.0,3.0,23.717224748939287
43.0,Female,80.5,1.68,190.0,135.0,58.0,1.1,1099.0,yoga,21.7,2.1,5.0,1.0,28.521825396825403
44.0,Female,79.5,1.73,184.0,155.0,56.0,1.57,1058.0,yoga,17.8,2.6,4.0,2.0,26.56286544822747
21.0,Female,68.5,1.61,191.0,169.0,74.0,1.18,1278.0,yoga,19.9,3.1,3.0,2.0,26.42644959685197
44.0,Female,87.5,1.88,173.0,132.0,66.0,1.21,1643.0,strength,26.9,3.1,2.0,2.0,24.75667722951562
56.0,Male,54.5,1.76,196.0,148.0,74.0,1.4,659.0,hiit,32.1,2.8,4.0,2.0,17.59426652892562
33.0,Female,55.4,1.6,185.0,144.0,67.0,2.0,1015.0,hiit,30.6,2.7,4.0,3.0,21.640624999999996
32.0,Male,85.7,1.53,185.0,133.0,52.0,1.02,1108.0,cardio,24.0,3.4,3.0,3.0,36.609850912042376
34.0,Female,58.2,1.7,189.0,134.0,55.0,0.73,785.0,hiit,24.0,1.6,4.0,2.0,20.138408304498274
30.0,Male,72.5,1.91,189.0,142.0,58.0,1.44,976.0,cardio,28.2,3.6,2.0,2.0,19.87335873468381
20.0,Male,90.3,1.68,169.0,135.0,59.0,1.1,758.0,cardio,10.5,1.7,4.0,1.0,31.994047619047624
42.0,Female,95.2,1.76,178.0,158.0,56.0,1.21,770.0,cardio,25.3,2.0,2.0,3.0,30.733471074380166
26.0,Male,75.0,1.91,181.0,168.0,74.0,1.1,943.0,hiit,24.8,2.0,3.0,2.0,20.558646966914285
26.0,Male,61.5,1.51,185.0,155.0,74.0,1.35,1079.0,cardio,31.4,3.4,4.0,2.0,26.97250120608745
54.0,Female,41.4,1.6,163.0,169.0,71.0,1.62,1385.0,yoga,10.0,1.6,5.0,3.0,16.171874999999996
42.0,Male,46.2,1.72,167.0,130.0,69.0,1.19,945.0,hiit,24.6,2.9,2.0,3.0,15.616549486208765
54.0,Male,47.2,1.75,160.0,134.0,68.0,1.18,1001.0,yoga,23.9,1.9,4.0,1.0,15.412244897959184
19.0,Male,72.5,1.73,184.0,135.0,71.0,1.12,1392.0,hiit,11.9,3.5,3.0,1.0,24.2239967924087
40.0,Female,68.2,1.5,197.0,153.0,71.0,1.24,484.0,cardio,24.1,3.5,4.0,2.0,30.311111111111114
49.0,Female,105.0,1.63,170.0,139.0,70.0,1.53,1065.0,cardio,24.0,1.5,4.0,2.0,39.51974105160149
27.0,Female,61.1,1.59,182.0,139.0,68.0,1.09,669.0,yoga,16.7,1.5,3.0,2.0,24.16834777105336
50.0,Male,62.5,1.67,172.0,121.0,56.0,1.14,1415.0,cardio,20.9,2.5,5.0,2.0,22.410269281795692
26.0,Male,72.4,1.68,196.0,169.0,53.0,2.0,1082.0,hiit,29.8,2.5,2.0,3.0,25.651927437641728
55.0,Female,93.1,1.82,172.0,148.0,60.0,1.22,1039.0,hiit,17.3,2.6,4.0,1.0,28.106508875739642
29.0,Female,70.8,1.85,160.0,142.0,52.0,1.5,1624.0,yoga,14.2,3.5,2.0,3.0,20.686632578524467
52.0,Male,51.5,1.6,184.0,162.0,65.0,1.46,1339.0,cardio,25.2,3.2,4.0,3.0,20.117187499999996
36.0,Female,64.4,1.97,166.0,153.0,59.0,1.45,1132.0,hiit,27.9,2.9,3.0,1.0,16.594088999974232
52.0,Male,63.0,1.72,184.0,131.0,54.0,1.48,804.0,cardio,21.5,1.5,4.0,3.0,21.29529475392104
29.0,Male,77.2,1.89,192.0,152.0,58.0,2.0,858.0,hiit,25.6,3.2,3.0,2.0,21.6119369558523
30.0,Female,76.3,2.0,193.0,132.0,59.0,1.11,548.0,hiit,34.9,3.2,3.0,1.0,19.075
29.0,Female,71.2,1.8,176.0,139.0,68.0,1.4,354.0,cardio,10.0,3.4,2.0,3.0,21.975308641975307
31.0,Female,63.6,1.57,165.0,169.0,74.0,1.09,1148.0,strength,15.1,3.4,4.0,1.0,25.80226378352063
26.0,Male,68.6,1.7,172.0,167.0,57.0,1.32,501.0,yoga,25.4,1.5,3.0,2.0,23.73702422145329
33.0,Male,46.0,1.71,163.0,145.0,54.0,1.29,671.0,yoga,21.4,3.1,2.0,3.0,15.731336137614994
36.0,Male,79.7,1.75,168.0,132.0,74.0,1.67,445.0,strength,23.9,3.4,4.0,2.0,26.024489795918367
33.0,Female,108.7,1.75,199.0,131.0,74.0,0.86,1080.0,yoga,24.1,1.9,3.0,1.0,35.49387755102041
45.0,Female,61.4,1.76,194.0,120.0,68.0,1.22,909.0,strength,21.4,2.8,2.0,1.0,19.821797520661157
21.0,Female,69.2,1.87,168.0,127.0,68.0,1.47,1275.0,yoga,24.1,2.9,5.0,3.0,19.788955932397265
52.0,Male,67.4,1.72,160.0,134.0,51.0,1.49,1307.0,strength,17.0,2.6,2.0,2.0,22.78258518117902
47.0,Female,46.0,1.58,172.0,147.0,72.0,1.37,1098.0,strength,28.5,3.7,2.0,3.0,18.426534209261334
34.0,Male,89.1,1.78,174.0,120.0,51.0,1.52,574.0,cardio,27.6,1.5,4.0,2.0,28.12144931195556
57.0,Male,70.4,1.72,181.0,161.0,57.0,1.3,983.0,yoga,29.9,3.6,3.0,2.0,23.796646836127643
24.0,Male,65.7,1.84,165.0,146.0,74.0,1.59,954.0,cardio,17.8,2.8,5.0,2.0,19.405718336483933
26.0,Male,82.2,1.69,189.0,139.0,70.0,1.45,1184.0,yoga,10.0,2.5,5.0,2.0,28.780504884282767
54.0,Male,42.7,1.72,191.0,153.0,74.0,2.0,987.0,yoga,13.6,1.5,5.0,2.0,14.433477555435372
35.0,Female,98.0,1.59,179.0,141.0,62.0,1.04,729.0,cardio,14.2,1.5,3.0,1.0,38.764289387286894
37.0,Female,94.5,1.84,160.0,158.0,61.0,1.2,1063.0,hiit,26.6,2.6,3.0,2.0,27.912334593572776
30.0,Female,57.6,1.66,169.0,160.0,67.0,1.86,1332.0,yoga,30.9,2.7,4.0,2.0,20.90288866308608
28.0,Male,40.3,1.69,166.0,169.0,69.0,0.5,864.0,cardio,24.9,2.6,3.0,3.0,14.110150204824762
53.0,Male,60.8,1.66,199.0,121.0,69.0,1.12,926.0,strength,26.5,3.6,4.0,1.0,22.064160255479752
56.0,Male,72.0,1.77,191.0,168.0,62.0,1.55,1144.0,cardio,30.0,2.7,2.0,2.0,22.981901752370007
44.0,Male,94.4,1.75,163.0,154.0,58.0,1.66,881.0,hiit,24.1,2.9,3.0,3.0,30.824489795918367
48.0,Female,62.9,1.67,198.0,164.0,64.0,0.84,1098.0,hiit,24.5,3.3,5.0,1.0,22.55369500519918
33.0,Male,59.6,1.6,187.0,127.0,69.0,1.41,573.0,cardio,22.7,2.2,3.0,1.0,23.281249999999996
46.0,Female,50.0,1.5,182.0,149.0,64.0,1.44,929.0,cardio,23.8,3.3,2.0,3.0,22.22222222222222
36.0,Female,61.2,1.93,166.0,145.0,55.0,0.77,1015.0,hiit,18.8,1.5,4.0,2.0,16.429971274396628
36.0,Female,82.5,1.66,166.0,134.0,50.0,0.95,640.0,yoga,11.2,3.4,5.0,2.0,29.939033241399333
57.0,Female,58.3,1.73,164.0,132.0,50.0,1.48,492.0,hiit,27.7,3.6,3.0,1.0,19.479434662033476
31.0,Male,53.0,1.83,182.0,149.0,55.0,1.33,821.0,strength,23.6,3.4,4.0,3.0,15.826092149661081
38.0,Female,81.1,1.92,190.0,125.0,61.0,1.18,690.0,yoga,26.1,3.1,4.0,3.0,21.99978298611111
49.0,Female,65.7,1.77,182.0,139.0,74.0,1.18,744.0,hiit,26.8,3.1,2.0,2.0,20.970985349037633
21.0,Male,81.8,1.83,182.0,163.0,53.0,2.0,1159.0,cardio,29.2,2.7,4.0,1.0,24.42593090268446
28.0,Female,91.2,1.77,164.0,162.0,55.0,1.28,648.0,strength,25.4,3.3,2.0,2.0,29.110408886335343
22.0,Male,88.9,1.6,182.0,148.0,74.0,1.39,1386.0,hiit,28.9,2.5,3.0,3.0,34.72656249999999
43.0,Male,88.5,1.72,185.0,131.0,67.0,1.48,1140.0,cardio,23.6,3.3,4.0,1.0,29.91481882098432
46.0,Male,85.9,1.7,180.0,148.0,66.0,1.77,1088.0,hiit,13.8,3.4,2.0,2.0,29.723183391003467
44.0,Male,66.8,1.72,191.0,136.0,68.0,1.34,1239.0,cardio,31.5,2.8,4.0,2.0,22.579772850189293
55.0,Female,46.3,1.7,187.0,139.0,52.0,2.0,1130.0,cardio,27.3,1.5,3.0,1.0,16.02076124567474
57.0,Male,72.4,1.65,168.0,162.0,56.0,1.71,1140.0,yoga,10.9,2.5,4.0,1.0,26.59320477502296
41.0,Male,70.7,1.81,191.0,134.0,62.0,1.53,1381.0,cardio,30.3,3.3,2.0,2.0,21.580537834620433
52.0,Female,45.0,1.75,196.0,143.0,74.0,2.0,926.0,yoga,22.0,2.4,3.0,1.0,14.693877551020408
31.0,Female,61.1,1.69,190.0,123.0,64.0,0.62,1227.0,hiit,23.8,3.6,2.0,3.0,21.392808375056898
34.0,Female,44.3,1.76,180.0,129.0,58.0,1.85,494.0,strength,25.8,3.2,4.0,3.0,14.301394628099173
47.0,Male,69.7,1.83,184.0,121.0,70.0,1.02,747.0,hiit,30.2,1.9,5.0,1.0,20.812804204365612
33.0,Male,41.9,1.59,166.0,165.0,50.0,2.0,898.0,strength,24.6,3.2,3.0,2.0,16.573711482931845
47.0,Female,52.9,1.67,180.0,142.0,72.0,1.11,770.0,cardio,22.9,1.5,3.0,2.0,18.968051920111872
47.0,Male,70.5,1.67,166.0,168.0,58.0,1.74,898.0,strength,30.0,3.2,3.0,2.0,25.27878374986554
51.0,Male,51.6,1.83,194.0,161.0,67.0,2.0,1057.0,yoga,27.6,2.2,3.0,1.0,15.408044432500223
20.0,Male,67.7,1.84,193.0,122.0,66.0,1.19,900.0,cardio,13.7,3.4,5.0,2.0,19.996455576559548
43.0,Male,57.8,1.78,197.0,163.0,52.0,1.42,1418.0,yoga,28.6,1.6,2.0,1.0,18.24264613053907
45.0,Male,59.0,1.87,199.0,157.0,55.0,1.11,613.0,strength,18.2,3.2,2.0,1.0,16.872086705367607
29.0,Female,61.5,1.88,182.0,152.0,72.0,1.62,793.0,hiit,24.2,3.3,4.0,3.0,17.400407424173835
26.0,Female,68.6,1.75,184.0,140.0,60.0,1.26,681.0,hiit,29.4,1.8,3.0,3.0,22.4
49.0,Female,77.9,1.75,196.0,169.0,64.0,1.24,1267.0,hiit,24.8,3.5,3.0,2.0,25.436734693877554
23.0,Female,40.9,1.75,187.0,136.0,50.0,1.14,1135.0,cardio,24.8,3.4,3.0,2.0,13.355102040816327
47.0,Male,65.6,1.77,190.0,154.0,54.0,1.59,413.0,strength,23.1,3.6,2.0,2.0,20.93906604104823
20.0,Female,90.9,1.69,198.0,142.0,74.0,1.35,927.0,cardio,18.1,3.2,4.0,1.0,31.826616715101018
40.0,Male,61.0,1.89,196.0,123.0,71.0,1.45,625.0,strength,27.4,3.6,3.0,1.0,17.076789563562052
56.0,Male,42.6,1.61,190.0,161.0,60.0,1.24,1260.0,hiit,23.0,3.6,4.0,3.0,16.43455113614444
56.0,Female,88.8,1.7,173.0,129.0,52.0,1.79,933.0,yoga,24.1,1.5,4.0,2.0,30.72664359861592
34.0,Female,83.2,1.64,171.0,164.0,69.0,1.19,1392.0,yoga,22.9,3.5,3.0,1.0,30.933967876264134
43.0,Male,77.8,1.7,180.0,149.0,58.0,1.38,1643.0,strength,14.9,2.8,5.0,1.0,26.920415224913498
35.0,Female,91.0,1.55,174.0,136.0,74.0,0.99,1216.0,cardio,27.0,3.5,3.0,3.0,37.87721123829344
21.0,Male,86.3,1.74,184.0,169.0,61.0,1.85,993.0,strength,24.9,3.4,2.0,2.0,28.504425947945567
26.0,Male,64.6,1.82,196.0,165.0,55.0,1.46,1699.0,yoga,28.1,3.3,4.0,2.0,19.502475546431587
23.0,Female,59.6,1.81,160.0,146.0,71.0,1.54,1382.0,hiit,22.6,2.8,5.0,2.0,18.19236287048625
46.0,Female,53.7,1.5,177.0,169.0,54.0,1.62,1245.0,strength,26.8,3.7,4.0,3.0,23.866666666666667
55.0,Female,58.9,1.56,197.0,125.0,58.0,0.73,1103.0,yoga,22.1,3.5,3.0,2.0,24.20282708744247
31.0,Male,79.4,1.58,163.0,125.0,74.0,1.49,663.0,cardio,24.0,2.4,3.0,2.0,31.805800352507607
26.0,Male,83.1,1.52,163.0,139.0,51.0,1.95,925.0,strength,10.0,2.8,3.0,1.0,35.96779778393351
31.0,Female,61.7,1.52,177.0,160.0,54.0,0.54,1266.0,yoga,23.1,1.7,4.0,2.0,26.7053324099723
27.0,Male,66.6,1.7,171.0,149.0,73.0,1.43,1321.0,strength,26.6,3.3,4.0,3.0,23.044982698961938
45.0,Female,106.3,1.84,172.0,123.0,61.0,1.15,1177.0,strength,16.9,2.6,4.0,3.0,31.397684310018903
30.0,Female,62.3,1.53,185.0,153.0,68.0,1.3,1382.0,yoga,20.5,1.6,2.0,2.0,26.613695587167328
48.0,Male,83.0,1.55,164.0,169.0,67.0,1.27,1287.0,cardio,21.5,3.5,2.0,3.0,34.54734651404786
35.0,Male,75.4,1.64,198.0,167.0,63.0,1.14,1045.0,yoga,20.5,1.5,3.0,2.0,28.033908387864372
30.0,Female,98.3,1.84,178.0,161.0,74.0,1.58,576.0,hiit,23.3,1.6,3.0,2.0,29.034735349716446
38.0,Female,46.5,1.65,182.0,169.0,70.0,1.34,806.0,cardio,24.1,3.5,2.0,1.0,17.079889807162537
44.0,Male,61.6,1.65,167.0,158.0,74.0,1.11,1223.0,strength,23.8,2.9,4.0,1.0,22.62626262626263
31.0,Female,64.0,1.85,184.0,147.0,71.0,1.05,571.0,strength,27.0,2.0,5.0,2.0,18.699780861943022
24.0,Female,45.1,1.6,195.0,163.0,66.0,2.0,453.0,cardio,31.2,1.6,2.0,2.0,17.617187499999996
33.0,Male,85.0,1.73,161.0,128.0,64.0,1.34,812.0,strength,16.6,3.2,4.0,1.0,28.40054796351365
21.0,Female,77.9,1.8,199.0,169.0,56.0,1.3,1171.0,cardio,19.7,3.4,3.0,2.0,24.04320987654321
59.0,Male,44.8,1.67,189.0,130.0,63.0,1.29,1021.0,strength,29.8,3.6,3.0,3.0,16.06368102119115
51.0,Female,66.4,1.77,184.0,147.0,55.0,0.97,1531.0,hiit,33.1,3.6,3.0,3.0,21.194420504963453
42.0,Male,96.2,1.63,164.0,148.0,74.0,1.38,887.0,strength,16.3,1.6,2.0,3.0,36.207610372991084
45.0,Female,54.0,1.86,170.0,148.0,65.0,1.36,670.0,cardio,28.9,3.5,3.0,2.0,15.608740894901143
22.0,Male,71.1,1.68,164.0,160.0,74.0,1.51,955.0,cardio,10.0,3.3,4.0,2.0,25.191326530612248
47.0,Female,48.6,1.55,176.0,165.0,74.0,0.71,1305.0,cardio,15.6,2.7,2.0,1.0,20.22892819979188
34.0,Female,100.1,1.97,192.0,164.0,73.0,2.0,1747.0,yoga,25.5,1.5,4.0,2.0,25.792986163003427
27.0,Male,83.5,1.67,162.0,129.0,65.0,1.48,1517.0,yoga,25.8,3.3,2.0,1.0,29.940119760479043
48.0,Male,89.5,1.61,170.0,153.0,57.0,1.38,1355.0,strength,10.0,3.3,3.0,1.0,34.52798888931754
25.0,Female,58.2,1.64,165.0,169.0,71.0,1.92,984.0,strength,20.8,3.3,4.0,3.0,21.638905413444384
32.0,Female,52.3,1.59,161.0,121.0,74.0,2.0,723.0,strength,20.3,3.3,3.0,1.0,20.68747280566433
33.0,Female,72.3,1.8,199.0,120.0,74.0,1.33,457.0,hiit,26.5,2.3,4.0,2.0,22.314814814814813
28.0,Male,64.1,1.55,179.0,152.0,52.0,1.41,1091.0,hiit,31.1,3.3,4.0,1.0,26.680541103017685
34.0,Male,66.7,1.55,186.0,169.0,55.0,1.48,781.0,cardio,19.4,2.5,3.0,1.0,27.7627471383975
35.0,Male,44.9,1.92,168.0,123.0,67.0,1.29,572.0,cardio,20.8,2.1,4.0,2.0,12.17990451388889
36.0,Female,90.0,1.69,180.0,160.0,72.0,2.0,717.0,hiit,20.6,3.3,4.0,1.0,31.51150169811982
27.0,Male,77.7,1.76,167.0,131.0,74.0,1.36,448.0,hiit,24.9,2.1,5.0,2.0,25.083935950413224
52.0,Male,83.4,1.52,176.0,142.0,56.0,1.45,596.0,hiit,25.6,1.9,3.0,2.0,36.097645429362885
32.0,Female,46.5,1.83,176.0,128.0,74.0,1.01,1061.0,cardio,10.0,2.5,4.0,3.0,13.885156319985665
37.0,Female,81.1,1.78,195.0,143.0,72.0,1.07,770.0,hiit,22.5,2.5,3.0,2.0,25.59651559146572
23.0,Female,55.4,1.8,164.0,163.0,73.0,1.33,783.0,strength,27.1,1.5,2.0,1.0,17.098765432098762
25.0,Female,76.2,1.87,184.0,148.0,69.0,1.96,809.0,hiit,26.2,2.3,3.0,1.0,21.790728931339185
52.0,Male,84.5,1.75,180.0,158.0,71.0,2.0,830.0,strength,14.1,1.5,4.0,3.0,27.591836734693878
42.0,Female,55.6,1.63,176.0,134.0,74.0,1.41,384.0,cardio,22.0,3.3,3.0,1.0,20.926643833038504
29.0,Male,73.6,1.82,162.0,141.0,55.0,1.5,1057.0,cardio,25.2,2.1,2.0,2.0,22.219538703055182
29.0,Female,50.8,1.89,199.0,163.0,59.0,0.8,784.0,hiit,35.0,2.5,3.0,2.0,14.22132639063856
27.0,Male,72.5,1.88,181.0,162.0,69.0,1.21,1120.0,hiit,34.6,3.4,4.0,1.0,20.512675418741512
32.0,Male,51.1,1.86,199.0,131.0,63.0,1.0,865.0,hiit,34.8,3.2,3.0,1.0,14.770493698693489
23.0,Female,52.6,1.78,176.0,169.0,53.0,1.15,1384.0,cardio,31.1,2.4,3.0,2.0,16.60143921222068
52.0,Female,45.1,1.65,165.0,164.0,71.0,1.76,1380.0,yoga,21.5,3.3,5.0,1.0,16.565656565656568
45.0,Male,98.7,1.77,183.0,132.0,74.0,1.32,400.0,cardio,19.5,2.0,4.0,2.0,31.504356985540554
51.0,Male,63.0,1.78,161.0,152.0,50.0,1.33,1339.0,strength,29.1,1.8,2.0,2.0,19.883853048857468
28.0,Female,121.1,1.75,163.0,149.0,68.0,1.57,716.0,strength,21.0,3.3,5.0,1.0,39.542857142857144
56.0,Female,64.2,1.79,196.0,165.0,58.0,0.97,667.0,cardio,15.9,3.3,4.0,1.0,20.036827814362848
32.0,Female,90.5,1.63,184.0,166.0,50.0,1.46,1217.0,strength,31.3,2.0,5.0,1.0,34.06225300161843
54.0,Male,72.6,1.56,172.0,165.0,69.0,1.26,966.0,hiit,26.1,3.5,2.0,1.0,29.83234714003944
34.0,Female,89.7,1.78,184.0,142.0,53.0,0.53,1662.0,hiit,24.2,1.5,3.0,1.0,28.3108193409923
21.0,Female,59.7,1.65,191.0,138.0,68.0,0.95,539.0,hiit,35.0,3.2,4.0,2.0,21.928374655647385
26.0,Male,44.0,1.6,190.0,125.0,68.0,1.06,1246.0,strength,21.1,2.7,2.0,2.0,17.187499999999996
49.0,Male,47.5,1.79,161.0,169.0,61.0,1.43,957.0,strength,25.8,3.0,4.0,1.0,14.824755781654755
38.0,Male,69.0,1.82,170.0,133.0,53.0,1.24,1610.0,strength,30.1,2.8,2.0,2.0,20.830817534114235
35.0,Male,98.6,1.55,184.0,141.0,59.0,2.0,1172.0,cardio,27.8,3.2,2.0,2.0,41.04058272632673
29.0,Female,58.4,1.61,182.0,165.0,70.0,0.77,1259.0,hiit,20.1,3.5,4.0,2.0,22.529994984761387
38.0,Male,93.7,1.66,168.0,169.0,68.0,1.97,875.0,cardio,29.0,3.4,4.0,2.0,34.003483814777184
42.0,Female,88.6,2.0,171.0,166.0,72.0,1.11,1335.0,yoga,18.6,2.2,5.0,2.0,22.15
42.0,Female,99.9,1.6,189.0,169.0,58.0,1.85,1099.0,hiit,32.6,2.2,2.0,1.0,39.02343749999999
26.0,Female,58.6,1.78,198.0,143.0,74.0,1.59,1008.0,cardio,21.1,2.2,3.0,1.0,18.495139502588057
36.0,Male,57.4,1.58,192.0,152.0,70.0,1.38,1137.0,yoga,18.3,3.2,2.0,1.0,22.993110078513055
47.0,Male,48.1,1.71,185.0,129.0,74.0,0.87,1177.0,strength,28.1,2.6,3.0,3.0,16.44950583085394
30.0,Male,60.1,1.93,187.0,140.0,58.0,1.48,875.0,hiit,29.7,3.1,5.0,1.0,16.134661333190152
23.0,Female,88.0,2.0,193.0,128.0,70.0,1.24,399.0,hiit,23.9,2.8,3.0,1.0,22.0
20.0,Female,69.3,1.75,180.0,120.0,72.0,1.06,1421.0,yoga,24.6,3.2,4.0,2.0,22.628571428571426
39.0,Female,65.6,1.7,172.0,148.0,68.0,0.87,1709.0,hiit,20.2,1.5,4.0,3.0,22.698961937716263
22.0,Male,80.6,1.71,176.0,139.0,60.0,2.0,957.0,cardio,31.0,2.4,4.0,2.0,27.56403679764714
57.0,Female,43.5,2.0,172.0,159.0,59.0,1.73,530.0,yoga,18.7,2.1,2.0,3.0,10.875
25.0,Female,72.6,1.7,161.0,168.0,51.0,1.28,1262.0,strength,22.0,3.1,4.0,2.0,25.12110726643599
50.0,Male,46.8,1.77,180.0,128.0,70.0,1.4,803.0,hiit,17.0,3.3,4.0,1.0,14.938236139040503
21.0,Male,90.1,1.72,184.0,138.0,68.0,1.35,1043.0,yoga,27.1,2.1,4.0,3.0,30.45565170362358
31.0,Male,67.4,1.83,167.0,122.0,66.0,1.49,1032.0,hiit,30.6,3.1,5.0,2.0,20.12601152617277
26.0,Male,65.0,1.69,171.0,162.0,62.0,1.54,1066.0,strength,16.6,3.5,2.0,2.0,22.758306781975424
33.0,Female,95.0,1.85,168.0,140.0,56.0,1.3,958.0,strength,20.5,3.3,3.0,2.0,27.757487216946675
30.0,Female,65.3,1.76,192.0,161.0,57.0,1.16,1092.0,cardio,32.1,1.9,4.0,3.0,21.080836776859503
46.0,Female,82.9,1.74,194.0,165.0,52.0,2.0,1107.0,cardio,24.3,3.1,3.0,3.0,27.38142423041353
49.0,Male,58.2,1.82,171.0,154.0,67.0,1.38,624.0,strength,20.8,3.5,4.0,1.0,17.570341746165923
37.0,Female,77.3,1.58,180.0,140.0,61.0,1.57,1333.0,hiit,23.5,1.5,2.0,2.0,30.96458900817176
22.0,Male,66.0,1.67,181.0,122.0,50.0,0.96,912.0,cardio,26.3,1.5,3.0,2.0,23.66524436157625
29.0,Female,67.4,1.76,187.0,120.0,74.0,1.1,911.0,cardio,21.4,2.3,5.0,1.0,21.758780991735538
31.0,Male,62.2,1.7,168.0,155.0,55.0,0.62,1596.0,strength,35.0,3.2,2.0,1.0,21.522491349480973
27.0,Female,59.6,1.73,182.0,139.0,71.0,1.42,1321.0,strength,16.3,3.3,4.0,3.0,19.913795983828393
24.0,Male,41.3,1.73,180.0,156.0,74.0,1.55,1285.0,hiit,26.2,3.2,4.0,3.0,13.799325069330749
48.0,Male,97.0,1.73,172.0,122.0,74.0,1.7,903.0,cardio,12.8,3.5,4.0,2.0,32.4100370877744
59.0,Female,47.2,1.68,185.0,159.0,70.0,1.49,704.0,strength,15.4,2.2,4.0,2.0,16.723356009070297
33.0,Male,65.7,1.97,167.0,144.0,53.0,1.1,872.0,cardio,19.1,2.0,4.0,1.0,16.929062846247007
31.0,Male,80.2,1.74,187.0,141.0,72.0,1.23,1326.0,strength,21.2,2.8,2.0,2.0,26.48962874884397
40.0,Male,59.3,2.0,166.0,141.0,74.0,1.44,801.0,cardio,24.6,3.4,5.0,2.0,14.825
57.0,Female,79.4,1.55,160.0,164.0,50.0,1.55,1116.0,strength,32.2,3.6,2.0,2.0,33.04890738813736
28.0,Male,59.3,1.79,189.0,128.0,69.0,0.91,877.0,strength,24.8,2.1,4.0,1.0,18.507537217939515
25.0,Female,61.4,1.7,172.0,166.0,72.0,1.28,1064.0,yoga,32.5,3.0,3.0,2.0,21.245674740484432
46.0,Female,80.2,1.98,172.0,155.0,73.0,1.29,1355.0,yoga,26.8,3.3,4.0,3.0,20.457096214671974
28.0,Male,58.0,1.77,179.0,157.0,74.0,1.59,1145.0,yoga,21.3,1.5,2.0,3.0,18.513198633853616
27.0,Male,53.0,1.91,172.0,123.0,54.0,1.09,655.0,strength,34.4,3.1,3.0,2.0,14.528110523286095
23.0,Female,51.2,1.92,187.0,169.0,55.0,1.1,969.0,yoga,25.3,2.7,2.0,1.0,13.88888888888889
26.0,Female,51.9,1.9,182.0,129.0,55.0,2.0,1418.0,cardio,32.2,2.4,2.0,1.0,14.376731301939058
27.0,Female,56.3,1.7,191.0,134.0,72.0,1.61,1631.0,yoga,23.4,3.3,3.0,1.0,19.48096885813149
22.0,Female,71.5,1.81,195.0,164.0,51.0,1.52,935.0,yoga,22.0,2.6,3.0,2.0,21.8247306248283
32.0,Male,82.3,1.55,172.0,128.0,74.0,1.52,990.0,hiit,26.7,2.0,3.0,1.0,34.255983350676374
35.0,Male,96.5,1.54,168.0,160.0,70.0,1.43,1573.0,yoga,35.0,3.4,4.0,1.0,40.68982965086861
43.0,Male,65.2,1.5,182.0,157.0,68.0,2.0,1417.0,yoga,26.7,3.1,4.0,2.0,28.977777777777778
37.0,Female,61.3,1.96,193.0,169.0,65.0,2.0,947.0,yoga,31.1,3.5,5.0,1.0,15.95689296126614
37.0,Female,78.5,1.5,189.0,169.0,60.0,1.67,954.0,hiit,17.9,2.4,3.0,3.0,34.888888888888886
46.0,Female,69.9,1.68,173.0,168.0,64.0,1.43,911.0,strength,35.0,3.4,3.0,2.0,24.76615646258504
24.0,Male,62.5,1.58,175.0,137.0,51.0,2.0,1231.0,strength,32.2,3.6,4.0,1.0,25.03605191475725
53.0,Female,46.8,1.69,163.0,169.0,56.0,1.32,1017.0,hiit,27.6,2.4,4.0,2.0,16.385980883022306
43.0,Male,70.1,1.72,187.0,129.0,54.0,1.43,984.0,hiit,25.0,1.6,3.0,1.0,23.695240670632774
59.0,Female,73.6,1.6,164.0,158.0,58.0,1.35,1216.0,strength,30.0,2.3,5.0,2.0,28.749999999999993
43.0,Male,72.6,1.64,166.0,152.0,54.0,1.22,1188.0,cardio,21.3,2.5,2.0,2.0,26.99286139202856
36.0,Male,87.6,1.81,179.0,140.0,56.0,0.9,645.0,hiit,22.1,3.6,2.0,1.0,26.739110527761667
38.0,Male,41.4,1.71,183.0,168.0,73.0,0.94,1253.0,yoga,30.8,3.2,3.0,1.0,14.158202523853495
44.0,Female,52.8,1.71,198.0,132.0,63.0,2.0,1783.0,hiit,21.7,3.4,4.0,2.0,18.05683800143634
39.0,Female,69.9,1.85,164.0,147.0,50.0,1.3,1562.0,yoga,27.7,3.7,3.0,3.0,20.423666910153397
50.0,Female,92.6,1.91,171.0,137.0,54.0,1.6,303.0,strength,25.2,2.3,3.0,1.0,25.383076121816835
21.0,Female,52.7,1.53,182.0,134.0,50.0,1.19,1090.0,strength,31.5,3.4,3.0,3.0,22.512708787218592
52.0,Female,81.7,1.59,164.0,136.0,67.0,1.91,1025.0,hiit,28.2,3.4,2.0,2.0,32.3167596218504
41.0,Male,65.9,1.93,188.0,124.0,74.0,1.36,1419.0,yoga,22.6,1.5,2.0,2.0,17.691750114097026
31.0,Female,67.9,1.7,163.0,124.0,68.0,1.43,1338.0,cardio,13.0,3.1,5.0,1.0,23.49480968858132
32.0,Female,86.0,1.6,164.0,144.0,65.0,1.09,1196.0,hiit,17.4,1.5,2.0,1.0,33.59374999999999
29.0,Female,60.6,1.83,172.0,161.0,60.0,1.32,760.0,strength,25.0,3.3,5.0,2.0,18.09549404282003
34.0,Male,47.8,1.69,182.0,153.0,68.0,1.63,1249.0,yoga,20.2,1.5,4.0,3.0,16.73610867966808
19.0,Male,79.4,1.77,165.0,150.0,73.0,1.23,1148.0,cardio,24.1,3.3,3.0,2.0,25.343930543585817
33.0,Female,62.4,1.72,168.0,164.0,74.0,0.91,1042.0,yoga,27.1,3.4,5.0,2.0,21.092482422931315
47.0,Male,71.3,1.83,186.0,163.0,68.0,0.95,837.0,strength,22.6,1.5,5.0,2.0,21.29057302397802
50.0,Male,55.8,1.81,161.0,126.0,55.0,1.32,909.0,yoga,23.6,2.9,4.0,2.0,17.03244711699887
53.0,Female,55.9,1.78,182.0,125.0,58.0,1.45,1308.0,yoga,21.1,1.5,3.0,2.0,17.642974371922737
29.0,Female,80.7,1.74,192.0,121.0,72.0,1.43,839.0,strength,26.5,1.5,4.0,1.0,26.65477606024574
46.0,Male,69.0,1.88,177.0,120.0,74.0,1.63,1183.0,strength,23.4,3.6,4.0,2.0,19.52240832956089
34.0,Male,60.5,1.8,171.0,120.0,68.0,1.57,1452.0,cardio,27.1,3.2,3.0,1.0,18.67283950617284
51.0,Female,96.3,1.88,166.0,127.0,59.0,1.32,1362.0,strength,28.1,1.9,2.0,2.0,27.24649162516976
47.0,Male,48.4,1.65,196.0,148.0,60.0,1.29,1357.0,cardio,11.3,1.5,3.0,2.0,17.77777777777778
52.0,Male,77.8,1.59,183.0,135.0,50.0,1.37,949.0,cardio,27.3,2.9,4.0,2.0,30.774099125825714
25.0,Male,85.5,1.8,168.0,156.0,69.0,1.39,644.0,strength,15.7,3.3,2.0,1.0,26.388888888888886
30.0,Male,67.4,1.79,185.0,169.0,59.0,1.27,1398.0,cardio,18.9,3.4,5.0,3.0,21.0355482038638
36.0,Male,71.0,1.66,168.0,131.0,74.0,1.1,567.0,hiit,20.3,3.7,4.0,1.0,25.76571345623458
21.0,Male,47.8,1.62,173.0,129.0,74.0,1.59,1638.0,hiit,25.8,2.4,3.0,2.0,18.21368693796677
51.0,Male,43.9,1.78,194.0,136.0,51.0,0.98,1293.0,strength,27.0,1.5,2.0,1.0,13.85557379118798
47.0,Male,59.6,1.88,192.0,125.0,50.0,1.32,1108.0,yoga,30.6,2.3,3.0,2.0,16.86283386147578
22.0,Female,56.1,1.91,167.0,122.0,70.0,1.4,1183.0,cardio,24.9,2.7,2.0,1.0,15.377867931251885
46.0,Female,56.7,1.97,199.0,160.0,56.0,1.3,1215.0,hiit,26.4,2.4,3.0,1.0,14.610013141281662
43.0,Female,47.1,1.81,166.0,149.0,69.0,0.76,998.0,hiit,22.2,3.0,4.0,1.0,14.376850523488294
51.0,Male,65.1,1.85,185.0,130.0,60.0,2.0,717.0,cardio,22.2,1.9,2.0,2.0,19.021183345507666
55.0,Female,60.6,1.68,185.0,124.0,70.0,1.35,1447.0,hiit,24.0,2.0,4.0,1.0,21.471088435374153
42.0,Female,101.0,1.56,186.0,168.0,56.0,1.19,650.0,hiit,27.6,3.6,4.0,1.0,41.50230111768573
31.0,Female,66.4,1.76,175.0,140.0,69.0,1.55,640.0,strength,24.7,3.5,4.0,2.0,21.435950413223143
49.0,Male,97.1,2.0,174.0,153.0,74.0,1.26,763.0,strength,10.0,2.6,2.0,2.0,24.275
44.0,Male,86.1,1.73,178.0,140.0,51.0,1.12,1244.0,strength,22.7,3.4,3.0,3.0,28.76808446657088
37.0,Female,58.7,1.78,195.0,154.0,59.0,1.34,1015.0,cardio,29.5,2.8,2.0,3.0,18.526701174094182
37.0,Female,69.1,1.74,175.0,127.0,53.0,1.61,1411.0,strength,31.9,3.6,2.0,2.0,22.823358435724664
53.0,Male,67.3,1.5,199.0,151.0,60.0,1.04,593.0,hiit,15.8,3.4,4.0,2.0,29.91111111111111
47.0,Female,59.2,1.67,182.0,169.0,57.0,1.06,1252.0,hiit,31.5,2.2,3.0,2.0,21.22700706371688
46.0,Female,119.6,1.71,176.0,129.0,53.0,1.26,1144.0,hiit,23.9,1.7,4.0,2.0,40.901473957798984
53.0,Male,80.1,1.69,188.0,167.0,74.0,2.0,1196.0,strength,13.0,2.3,3.0,1.0,28.045236511326635
42.0,Male,59.1,1.65,183.0,138.0,71.0,2.0,957.0,strength,21.2,2.0,2.0,2.0,21.707988980716255
36.0,Male,53.4,1.75,177.0,120.0,70.0,0.68,1257.0,yoga,26.7,2.7,5.0,2.0,17.43673469387755
41.0,Female,112.2,1.81,188.0,159.0,53.0,1.16,995.0,yoga,30.3,3.3,3.0,2.0,34.24803882665364
30.0,Male,101.6,1.73,190.0,133.0,56.0,1.38,1047.0,cardio,22.1,3.2,3.0,3.0,33.947007918741015
19.0,Female,74.7,1.85,194.0,127.0,74.0,0.65,1105.0,cardio,19.4,3.6,2.0,2.0,21.82615047479912
22.0,Male,68.4,1.86,175.0,129.0,66.0,1.99,895.0,cardio,20.0,3.6,5.0,1.0,19.771071800208116
22.0,Female,86.2,1.93,167.0,145.0,62.0,1.74,640.0,strength,18.6,3.3,3.0,1.0,23.14156084727107
51.0,Male,98.9,1.85,181.0,138.0,70.0,1.49,859.0,cardio,25.0,1.5,2.0,2.0,28.89700511322133
27.0,Female,50.6,2.0,174.0,129.0,68.0,1.34,1179.0,hiit,31.0,2.0,5.0,2.0,12.65
56.0,Female,68.1,2.0,168.0,160.0,74.0,1.39,1350.0,yoga,23.8,3.3,5.0,2.0,17.025
22.0,Female,53.0,1.83,199.0,129.0,74.0,0.88,540.0,strength,11.9,3.1,4.0,2.0,15.826092149661081
28.0,Male,59.2,1.68,187.0,127.0,54.0,1.53,466.0,strength,27.3,2.9,2.0,3.0,20.97505668934241
48.0,Male,90.4,2.0,193.0,156.0,59.0,1.78,1246.0,cardio,24.4,2.3,3.0,2.0,22.6
25.0,Female,74.6,1.63,182.0,160.0,60.0,0.93,1028.0,hiit,14.8,3.5,3.0,2.0,28.077835070947344
35.0,Female,56.2,1.74,170.0,151.0,66.0,0.99,1215.0,strength,26.9,2.9,4.0,2.0,18.56255780155899
50.0,Female,76.1,1.82,191.0,146.0,54.0,1.12,817.0,cardio,25.0,3.2,2.0,1.0,22.97427846878396
52.0,Male,66.6,1.56,175.0,152.0,60.0,1.04,1783.0,yoga,15.4,2.7,4.0,2.0,27.366863905325438
32.0,Female,45.9,1.83,192.0,120.0,55.0,1.49,808.0,yoga,22.4,1.5,3.0,1.0,13.70599301263101
31.0,Female,86.4,1.59,187.0,169.0,50.0,2.0,1336.0,yoga,27.6,1.6,4.0,1.0,34.175863296546815
30.0,Female,54.9,1.93,187.0,165.0,70.0,0.94,836.0,cardio,26.7,3.7,4.0,2.0,14.738650702032269
21.0,Male,91.2,1.7,194.0,142.0,62.0,0.91,1090.0,strength,33.3,3.7,3.0,2.0,31.55709342560554
46.0,Male,54.2,1.91,171.0,169.0,67.0,0.9,771.0,hiit,14.0,2.6,3.0,3.0,14.857048874756725
22.0,Female,60.8,1.77,169.0,130.0,74.0,1.1,1298.0,cardio,25.4,3.3,2.0,3.0,19.406939257556893
30.0,Male,46.8,1.67,164.0,153.0,74.0,1.53,684.0,cardio,15.2,2.3,4.0,2.0,16.780809638208613
31.0,Female,48.1,1.58,181.0,125.0,70.0,1.88,695.0,hiit,23.1,3.3,3.0,2.0,19.267745553597177
36.0,Male,56.5,1.61,189.0,123.0,58.0,2.0,1093.0,yoga,32.6,3.5,3.0,3.0,21.79699857258593
55.0,Female,78.4,1.59,171.0,132.0,74.0,2.0,1182.0,hiit,13.6,3.7,3.0,1.0,31.011431509829517
44.0,Male,78.2,1.8,171.0,169.0,59.0,1.79,1730.0,hiit,17.0,3.5,5.0,1.0,24.1358024691358
34.0,Female,74.2,1.83,194.0,153.0,60.0,1.24,1632.0,strength,27.3,3.0,4.0,2.0,22.156529009525514
57.0,Female,84.0,1.95,199.0,142.0,51.0,1.66,872.0,strength,17.5,3.4,4.0,1.0,22.090729783037478
47.0,Female,79.2,1.81,160.0,169.0,74.0,1.28,595.0,yoga,19.0,3.3,2.0,2.0,24.175086230579044
20.0,Female,102.9,1.61,172.0,146.0,70.0,1.57,1113.0,yoga,23.5,3.2,3.0,3.0,39.69754253308128
37.0,Female,94.5,1.73,198.0,135.0,74.0,1.16,717.0,strength,23.8,1.6,4.0,3.0,31.574726853553408
54.0,Male,70.9,1.7,175.0,131.0,74.0,1.5,750.0,hiit,29.4,3.7,4.0,2.0,24.532871972318343
54.0,Female,52.6,1.81,167.0,167.0,53.0,1.46,988.0,yoga,26.7,2.4,2.0,1.0,16.055675956167395
45.0,Male,76.6,1.77,181.0,122.0,64.0,1.82,1186.0,cardio,19.1,3.5,2.0,1.0,24.450189919882533
25.0,Female,61.1,1.72,176.0,162.0,53.0,0.92,1378.0,strength,15.0,3.4,4.0,1.0,20.653055705786915
31.0,Female,48.4,1.81,178.0,120.0,71.0,1.45,1004.0,strength,23.1,1.5,3.0,1.0,14.773663807576082
28.0,Female,77.8,1.62,164.0,161.0,70.0,1.52,1095.0,strength,23.1,3.5,5.0,2.0,29.64487120865721
48.0,Male,119.9,1.73,165.0,156.0,66.0,0.99,781.0,cardio,18.5,3.6,3.0,1.0,40.06147883323867
39.0,Female,84.0,1.79,176.0,126.0,72.0,1.5,1057.0,hiit,28.0,3.3,3.0,1.0,26.216410224399986
34.0,Male,80.7,1.8,193.0,153.0,57.0,1.18,930.0,yoga,27.2,2.3,3.0,1.0,24.90740740740741
24.0,Female,102.6,1.67,190.0,132.0,73.0,1.41,800.0,yoga,28.3,1.5,3.0,2.0,36.788698052995805
42.0,Female,57.1,1.84,199.0,163.0,74.0,1.2,303.0,strength,21.3,2.7,3.0,1.0,16.865548204158788
23.0,Female,68.0,1.74,175.0,120.0,68.0,1.01,694.0,hiit,24.5,3.5,5.0,2.0,22.460034350640772
50.0,Male,41.9,2.0,199.0,161.0,74.0,1.24,953.0,cardio,24.6,3.2,3.0,2.0,10.475
46.0,Male,40.7,1.66,190.0,169.0,58.0,0.92,760.0,hiit,27.2,3.5,5.0,2.0,14.769923065757006
46.0,Male,54.0,1.82,177.0,163.0,63.0,1.4,979.0,yoga,33.7,3.7,2.0,2.0,16.302378939741576
24.0,Male,105.7,2.0,187.0,145.0,58.0,1.48,1002.0,strength,25.9,2.5,3.0,1.0,26.425
30.0,Female,57.7,1.76,160.0,152.0,59.0,1.82,314.0,cardio,23.2,1.8,4.0,3.0,18.62732438016529
24.0,Male,72.7,2.0,190.0,131.0,56.0,1.33,1126.0,cardio,12.6,3.6,2.0,2.0,18.175
39.0,Male,81.9,1.72,187.0,156.0,53.0,1.19,1329.0,yoga,24.2,3.4,4.0,2.0,27.683883180097354
48.0,Female,65.1,1.79,189.0,120.0,74.0,1.26,325.0,strength,23.5,2.1,5.0,3.0,20.31771792390999
28.0,Female,67.8,1.57,198.0,135.0,67.0,2.0,1062.0,strength,30.5,1.5,3.0,1.0,27.50618686356444
53.0,Female,55.0,1.6,181.0,133.0,74.0,1.25,645.0,strength,28.2,2.4,4.0,1.0,21.484374999999996
50.0,Female,61.5,1.57,199.0,139.0,71.0,0.95,798.0,cardio,22.5,3.5,4.0,2.0,24.950302243498722
27.0,Male,64.2,1.89,188.0,143.0,51.0,2.0,1662.0,strength,23.0,3.1,4.0,2.0,17.972621147224324
38.0,Male,76.7,1.99,192.0,131.0,74.0,1.14,1263.0,strength,28.3,1.6,5.0,1.0,19.368197772783514
54.0,Female,58.1,1.57,182.0,169.0,74.0,1.59,649.0,cardio,19.7,3.4,3.0,2.0,23.57093594060611
33.0,Female,58.2,1.62,170.0,163.0,60.0,1.21,1524.0,cardio,26.5,2.8,3.0,2.0,22.176497485139457
46.0,Male,55.1,1.62,170.0,166.0,52.0,1.03,1370.0,cardio,34.4,1.8,2.0,1.0,20.995275110501446
32.0,Female,51.2,1.9,162.0,160.0,60.0,1.25,988.0,cardio,21.6,2.5,3.0,2.0,14.182825484764544
22.0,Female,54.1,1.76,178.0,127.0,65.0,1.42,501.0,strength,29.2,3.7,4.0,1.0,17.465134297520663
24.0,Male,58.8,1.89,163.0,150.0,73.0,1.28,800.0,strength,27.1,2.5,2.0,2.0,16.46090534979424
41.0,Male,53.0,1.62,161.0,142.0,61.0,1.42,761.0,strength,21.0,3.3,3.0,1.0,20.195092211553114
51.0,Female,58.6,2.0,162.0,150.0,55.0,1.28,1030.0,strength,16.7,3.4,3.0,2.0,14.65
44.0,Female,91.2,1.87,194.0,141.0,66.0,1.66,1345.0,yoga,22.7,2.5,2.0,1.0,26.08024250050044
31.0,Male,60.7,1.62,198.0,120.0,71.0,1.35,967.0,yoga,31.2,3.2,4.0,2.0,23.12909617436366
36.0,Male,62.2,1.5,192.0,132.0,61.0,2.0,913.0,hiit,11.4,1.5,3.0,2.0,27.644444444444446
23.0,Female,62.1,1.83,168.0,149.0,51.0,1.39,1135.0,yoga,26.1,2.0,3.0,2.0,18.543402311206663
24.0,Male,79.0,1.62,177.0,169.0,73.0,1.0,887.0,yoga,25.0,3.5,2.0,3.0,30.102118579484827
38.0,Male,58.4,1.65,169.0,141.0,53.0,2.0,1109.0,yoga,24.0,2.3,2.0,1.0,21.45087235996327
31.0,Female,75.8,1.7,199.0,129.0,60.0,0.87,922.0,hiit,24.2,1.9,2.0,1.0,26.228373702422147
55.0,Female,65.5,1.94,170.0,123.0,74.0,1.37,787.0,hiit,28.7,3.1,3.0,1.0,17.403549792751623
52.0,Female,81.0,1.62,178.0,146.0,53.0,1.44,1628.0,strength,25.4,2.5,4.0,1.0,30.864197530864192
56.0,Female,85.2,1.6,163.0,151.0,51.0,1.25,672.0,yoga,26.5,1.7,3.0,1.0,33.28124999999999
33.0,Male,73.3,1.86,187.0,123.0,60.0,1.22,1254.0,cardio,35.0,1.9,4.0,1.0,21.187420511041736
33.0,Female,44.9,1.73,176.0,158.0,74.0,2.0,905.0,strength,27.0,2.1,3.0,2.0,15.002171806608974
39.0,Male,59.9,1.71,174.0,131.0,50.0,1.41,733.0,yoga,24.7,2.9,2.0,2.0,20.484935535720393
40.0,Male,43.9,1.92,186.0,143.0,74.0,0.83,1018.0,yoga,12.0,3.1,3.0,1.0,11.908637152777779
26.0,Male,65.9,1.99,166.0,127.0,71.0,1.08,1218.0,cardio,22.0,2.6,4.0,2.0,16.640993914295095
21.0,Female,59.8,1.65,162.0,169.0,74.0,1.5,1130.0,cardio,30.4,3.2,5.0,3.0,21.96510560146924
36.0,Female,77.7,1.66,193.0,120.0,72.0,1.21,1115.0,strength,11.3,2.2,2.0,3.0,28.197125852808828
30.0,Male,61.6,1.77,170.0,130.0,74.0,2.0,1068.0,yoga,24.3,1.5,5.0,2.0,19.662293721472118
22.0,Male,63.7,1.85,192.0,122.0,53.0,1.06,1032.0,yoga,24.4,2.5,3.0,3.0,18.612125639152666
45.0,Male,54.4,1.55,182.0,139.0,74.0,2.0,1179.0,hiit,24.3,3.1,5.0,3.0,22.643080124869925
20.0,Male,75.6,1.74,192.0,128.0,72.0,1.86,906.0,cardio,21.4,3.3,4.0,2.0,24.97027348394768
47.0,Male,85.5,1.84,172.0,152.0,68.0,0.98,773.0,cardio,24.1,2.6,2.0,2.0,25.254017013232513
31.0,Female,53.5,1.68,180.0,155.0,57.0,0.86,875.0,strength,22.6,3.3,2.0,1.0,18.955498866213155
47.0,Male,78.8,1.82,167.0,144.0,66.0,1.66,1163.0,cardio,31.7,2.8,4.0,2.0,23.789397415771038
56.0,Male,51.5,1.66,198.0,167.0,70.0,2.0,843.0,strength,24.2,2.4,3.0,3.0,18.689214690085645
24.0,Male,80.9,1.74,181.0,128.0,61.0,1.19,1705.0,hiit,10.0,2.7,4.0,1.0,26.720834984806448
29.0,Female,85.3,1.68,161.0,133.0,74.0,1.45,1269.0,cardio,26.1,2.5,4.0,3.0,30.222505668934243
36.0,Female,87.9,1.54,177.0,129.0,58.0,1.93,1010.0,cardio,21.1,3.3,3.0,1.0,37.06358576488447
49.0,Female,43.6,1.68,170.0,124.0,73.0,0.94,739.0,yoga,27.6,3.5,4.0,2.0,15.447845804988665
40.0,Female,55.7,1.6,184.0,133.0,72.0,1.4,749.0,yoga,23.7,2.6,4.0,2.0,21.757812499999996
31.0,Female,52.7,1.65,199.0,138.0,74.0,1.92,1102.0,hiit,24.0,3.3,2.0,3.0,19.357208448117543
47.0,Female,87.1,1.7,174.0,160.0,63.0,1.4,562.0,hiit,26.0,3.7,5.0,1.0,30.13840830449827
44.0,Male,94.4,1.82,182.0,140.0,57.0,1.38,1369.0,hiit,20.7,3.2,3.0,1.0,28.49897355391861
46.0,Male,44.9,1.93,177.0,154.0,58.0,2.0,1434.0,hiit,31.4,3.5,4.0,2.0,12.054014872882494
55.0,Male,61.9,1.74,163.0,140.0,73.0,0.97,598.0,strength,23.6,3.1,2.0,1.0,20.44523715153917
24.0,Male,83.4,1.7,162.0,169.0,51.0,1.87,879.0,yoga,26.4,3.3,4.0,1.0,28.858131487889278
33.0,Female,62.6,1.71,192.0,158.0,57.0,1.99,1081.0,yoga,31.3,3.5,2.0,2.0,21.408296569884754
19.0,Male,41.9,1.69,176.0,138.0,74.0,1.89,1010.0,yoga,27.9,2.6,2.0,2.0,14.670354679458004
58.0,Male,47.6,1.84,182.0,155.0,66.0,1.59,635.0,yoga,11.2,2.6,4.0,3.0,14.059546313799622
58.0,Female,73.3,1.69,180.0,156.0,72.0,1.6,1350.0,yoga,25.4,3.0,4.0,1.0,25.664367494135362
47.0,Male,45.4,1.81,189.0,128.0,55.0,1.01,662.0,strength,28.6,3.6,4.0,1.0,13.857940844296571
47.0,Male,50.6,1.65,192.0,169.0,63.0,1.36,594.0,strength,25.5,2.2,5.0,2.0,18.58585858585859
56.0,Male,54.0,1.92,190.0,129.0,73.0,0.61,985.0,hiit,21.6,2.5,3.0,2.0,14.6484375
34.0,Female,73.1,1.73,166.0,161.0,69.0,1.64,765.0,yoga,27.0,3.3,4.0,2.0,24.424471248621735
29.0,Female,66.1,1.63,181.0,169.0,71.0,1.48,666.0,hiit,30.6,1.6,5.0,1.0,24.87861793819865
33.0,Female,94.2,1.86,172.0,148.0,61.0,1.34,685.0,cardio,28.9,1.8,3.0,1.0,27.228581338883107
31.0,Female,60.2,1.75,166.0,155.0,57.0,0.92,819.0,cardio,10.0,3.2,5.0,1.0,19.65714285714286
33.0,Female,99.6,1.72,164.0,169.0,70.0,1.41,962.0,hiit,23.6,3.7,5.0,2.0,33.666846944294214
55.0,Male,64.4,1.76,163.0,144.0,74.0,1.48,717.0,cardio,26.7,1.7,2.0,3.0,20.79028925619835
50.0,Female,56.4,1.67,193.0,128.0,59.0,1.9,1190.0,hiit,17.5,3.7,2.0,2.0,20.22302699989243
21.0,Male,45.2,1.73,198.0,156.0,59.0,1.07,1562.0,cardio,24.2,2.8,4.0,2.0,15.102409034715494
33.0,Female,60.7,2.0,188.0,169.0,74.0,1.42,705.0,cardio,23.3,3.2,4.0,2.0,15.175
42.0,Male,53.6,1.86,199.0,167.0,62.0,2.0,1096.0,strength,21.9,3.4,3.0,1.0,15.493120591975948
35.0,Female,64.3,1.79,188.0,148.0,62.0,1.63,1192.0,hiit,16.3,2.2,5.0,2.0,20.068037826534752
46.0,Male,50.2,1.8,193.0,132.0,74.0,1.21,893.0,hiit,28.4,3.4,3.0,3.0,15.493827160493828
29.0,Female,57.0,1.62,188.0,126.0,70.0,2.0,998.0,yoga,17.9,3.4,4.0,1.0,21.719250114311837
28.0,Female,43.3,1.78,193.0,128.0,72.0,1.27,1479.0,hiit,26.3,3.4,3.0,1.0,13.666203762151243
22.0,Male,71.0,1.72,192.0,128.0,59.0,1.44,1436.0,cardio,28.5,3.2,3.0,2.0,23.99945916711736
42.0,Female,57.3,1.76,174.0,131.0,74.0,1.13,841.0,yoga,22.1,1.9,4.0,3.0,18.49819214876033
26.0,Male,95.2,1.68,163.0,142.0,68.0,0.71,1196.0,strength,24.2,3.7,4.0,2.0,33.730158730158735
49.0,Female,68.8,1.66,190.0,137.0,63.0,2.0,1023.0,yoga,26.2,2.6,2.0,1.0,24.96733923646393
43.0,Female,69.7,1.75,193.0,162.0,53.0,0.52,1262.0,cardio,26.1,1.5,3.0,2.0,22.759183673469387
34.0,Female,102.9,1.64,188.0,124.0,74.0,1.24,700.0,strength,24.2,3.3,4.0,1.0,38.258477096966104
23.0,Female,90.5,1.5,182.0,148.0,67.0,1.16,1204.0,strength,23.3,2.8,2.0,2.0,40.22222222222222
31.0,Male,81.9,1.63,168.0,126.0,56.0,1.17,760.0,cardio,23.1,2.1,4.0,2.0,30.825398020249168
38.0,Male,99.6,1.6,173.0,132.0,56.0,1.01,1128.0,strength,30.6,3.4,2.0,2.0,38.90624999999999
41.0,Female,85.7,1.66,170.0,134.0,74.0,1.69,475.0,yoga,11.1,1.5,4.0,1.0,31.100304833793007
45.0,Male,70.9,2.0,198.0,128.0,73.0,1.19,1064.0,hiit,27.8,1.5,3.0,1.0,17.725
49.0,Female,59.2,1.55,185.0,169.0,63.0,1.32,1169.0,yoga,25.1,1.7,4.0,1.0,24.64099895941727
55.0,Female,53.8,1.52,191.0,136.0,55.0,1.17,1102.0,hiit,20.4,3.6,3.0,2.0,23.286011080332408
41.0,Female,105.1,1.67,194.0,127.0,68.0,1.3,1068.0,strength,30.6,3.5,3.0,3.0,37.68510882426763
51.0,Male,58.8,1.63,188.0,155.0,59.0,1.1,897.0,cardio,24.7,3.3,2.0,1.0,22.131054988896835
20.0,Male,52.9,1.8,163.0,159.0,57.0,1.45,1117.0,strength,27.1,3.3,3.0,1.0,16.327160493827158
23.0,Male,68.6,1.8,196.0,138.0,65.0,1.08,578.0,strength,16.8,2.6,2.0,1.0,21.172839506172835
39.0,Male,76.2,1.77,164.0,169.0,74.0,2.0,1196.0,hiit,28.7,3.3,2.0,1.0,24.322512687924924
47.0,Male,68.2,1.58,164.0,140.0,72.0,1.0,1316.0,hiit,28.1,2.6,2.0,3.0,27.31933984938311
29.0,Male,46.8,1.7,195.0,153.0,59.0,1.33,1178.0,cardio,24.7,3.4,3.0,2.0,16.19377162629758
33.0,Male,58.1,1.65,168.0,130.0,60.0,1.18,850.0,strength,22.4,3.1,3.0,2.0,21.34067952249771
45.0,Female,55.2,1.9,175.0,156.0,67.0,1.39,854.0,strength,24.5,2.5,5.0,1.0,15.290858725761774
22.0,Male,52.3,1.66,190.0,146.0,59.0,0.76,1186.0,yoga,21.4,3.3,2.0,2.0,18.97953258818406
52.0,Male,54.9,1.67,167.0,144.0,69.0,2.0,997.0,strength,16.4,2.5,4.0,2.0,19.685180537129334
57.0,Female,98.3,1.71,162.0,126.0,61.0,0.95,366.0,hiit,22.7,3.3,3.0,2.0,33.61718135494682
40.0,Female,71.4,1.92,171.0,167.0,57.0,0.62,1412.0,strength,10.0,1.8,3.0,1.0,19.368489583333336
33.0,Male,74.6,1.58,172.0,165.0,68.0,1.4,1271.0,yoga,15.6,2.7,2.0,2.0,29.883031565454246
51.0,Male,47.1,2.0,177.0,163.0,65.0,1.29,1140.0,yoga,21.9,2.8,5.0,1.0,11.775
46.0,Female,49.2,1.5,184.0,120.0,73.0,2.0,832.0,yoga,25.9,3.3,3.0,1.0,21.866666666666667
51.0,Male,80.8,2.0,167.0,129.0,55.0,1.52,1454.0,cardio,33.9,1.6,3.0,1.0,20.2
59.0,Female,85.7,1.6,182.0,140.0,72.0,2.0,1243.0,yoga,33.4,1.5,4.0,3.0,33.47656249999999
23.0,Female,41.5,1.89,188.0,129.0,59.0,1.35,532.0,hiit,27.6,3.4,3.0,2.0,11.617815850620085
22.0,Male,84.3,1.6,173.0,127.0,72.0,0.8,911.0,hiit,24.0,3.3,5.0,1.0,32.92968749999999
34.0,Male,82.4,1.66,192.0,148.0,72.0,1.11,1090.0,strength,26.3,3.4,2.0,2.0,29.902743504137035
32.0,Male,40.6,1.92,166.0,169.0,57.0,1.33,1783.0,strength,17.1,3.6,5.0,3.0,11.013454861111112
46.0,Female,58.6,2.0,194.0,135.0,55.0,2.0,1162.0,hiit,27.1,3.6,2.0,1.0,14.65
36.0,Female,80.8,1.71,162.0,163.0,74.0,1.86,900.0,yoga,19.4,2.0,2.0,2.0,27.632433911288945
54.0,Male,88.5,2.0,173.0,134.0,58.0,1.11,1388.0,hiit,27.7,3.7,3.0,2.0,22.125
52.0,Male,84.3,1.69,164.0,169.0,54.0,0.77,1367.0,hiit,32.6,2.9,3.0,2.0,29.515773257238894
47.0,Male,70.1,1.84,188.0,129.0,67.0,1.2,1261.0,strength,28.4,2.5,3.0,2.0,20.70534026465028
35.0,Male,49.3,1.71,180.0,152.0,73.0,1.04,956.0,cardio,32.9,1.7,4.0,3.0,16.859888512704764
40.0,Male,79.5,1.92,184.0,156.0,52.0,1.29,1178.0,strength,14.7,1.5,4.0,1.0,21.565755208333332
